"phcyname","p1adrs","p1city","p1st","p1zip5","county","phone"
"CVS PHARMACY","3306 W PALMETTO ST","FLORENCE","SC","29501","FLORENCE","8433179365"
"MARK'S PHARMACY","8150 BROOKRIVER DR STE 107","DALLAS","TX","75247","DALLAS","4695472419"
"ROYAL PHARMACY DRUGS","1101 1/2 W GLENOAKS BLVD","GLENDALE","CA","91202","LOS ANGELES","8184847484"
"SAM'S CLUB PHARMACY","7663 N BLACKSTONE AVE","FRESNO","CA","93720","FRESNO","5594460196"
"RITE AID PHARMACY","1396 W CHESTNUT ST","WASHINGTON","PA","15301","WASHINGTON","7242280059"
"A.M. PHARMACY II INC","219 GRAND STREET","NEW YORK","NY","10013","NEW YORK","2122268832"
"CVS PHARMACY","103 FOOTHILLS MALL DR","MARYVILLE","TN","37801","BLOUNT","8659823803"
"MARTIN'S PHARMACY","2121 S CLEVELAND AVE","SAINT JOSEPH","MI","49085","BERRIEN","2699835847"
"SAM'S CLUB PHARMACY","1000 KAMEHAMEHA HWY STE 100","PEARL CITY","HI","96782","HONOLULU","8084540182"
"ELMHURST HOSPITAL CENTER","79-01 BROADWAY D143","ELMHURST","NY","11373","QUEENS","7183342438"
"BUSHNELL PHARMACY","417 N WEST ST","BUSHNELL","FL","33513","SUMTER","3525695800"
"PRIME PHARMACY EAST","5908 HAMPTON OAKS PKWY STE N","TAMPA","FL","33610","HILLSBOROUGH","8778910005"
"FOOD LION PHARMACY","1241 DABNEY DR","HENDERSON","NC","27536","VANCE","2524382539"
"B AND B PHARMACY","18640 FM 1488 RD STE C","MAGNOLIA","TX","77354","MONTGOMERY","2813564303"
"WOODWARD PHARMACY","565 SPRING ST","HOUTZDALE","PA","16651","CLEARFIELD","8143787648"
"WAVERLY PHARMACY","443 CAYUTA AVE","WAVERLY","NY","14892","TIOGA","6075652390"
"CVS PHARMACY","18340 ALLEN RD","MELVINDALE","MI","48122","WAYNE","3139282559"
"ASHLAND CITY PHARMACY","605 N MAIN ST STE A","ASHLAND CITY","TN","37015","CHEATHAM","6152461422"
"GWINNETT PHARMACY","1880 BRASELTON HWY STE 121","LAWRENCEVILLE","GA","30043","GWINNETT","7703381111"
"SALUD CLINIC PHARMACY","500B JEFFERSON BLVD STE 181","WEST SACRAMENTO","CA","95605","YOLO","9164032988"
"HANNAFORD FOOD AND DRUG","787 RIVERSIDE ST","PORTLAND","ME","04103","CUMBERLAND","2078781106"
"AMERICAN CARE OF TAMPA WINTER HAVEN","2791 LAKE ALFRED ROAD","WINTER HAVEN","FL","33881","POLK","3052780200"
"CVS PHARMACY","4561 RIVER RD","COLUMBUS","GA","31904","MUSCOGEE","7063242108"
"BROOKSHIRE PHARMACY","1125 HIGHWAY 80","HAUGHTON","LA","71037","BOSSIER","3189498476"
"GANSE APOTHECARY LTC","7 N CHARLOTTE ST","LANCASTER","PA","17603","LANCASTER","7179842204"
"PEAK PHARMACY INC","7732 W HILLSBOROUGH AVE","TAMPA","FL","33615","HILLSBOROUGH","8134430833"
"OLIVE BRANCH PHARMACY","306 W NORTH ST","ENTERPRISE","OR","97828","WALLOWA","5414267455"
"GRACE PHARMACY","1724 E WASHINGTON BLVD","PASADENA","CA","91104","LOS ANGELES","8189575555"
"SAM'S CLUB PHARMACY","7200 PEACH ST","ERIE","PA","16509","ERIE","8148660984"
"COACHELLA VALLEY LTC","77932 COUNTRY CLUB DR STE 23","PALM DESERT","CA","92211","RIVERSIDE","7605650629"
"PATIENT'S CHOICE PHARMACY","4801 S UNIVERSITY DR STE 105","DAVIE","FL","33328","BROWARD","9546222222"
"LODI HOMETOWN PHARMACY","801 N MAIN ST STE A","LODI","WI","53555","COLUMBIA","6085920662"
"CVS PHARMACY","2041 N ELM ST","COMMERCE","GA","30529","JACKSON","7063355107"
"NEW PHARMACY","57725 29 PALMS HWY STE 209","YUCCA VALLEY","CA","92284","SAN BERNARDINO","7602281600"
"LHO PHARMACY","225 N EAGLE ST","OSHKOSH","WI","54902","WINNEBAGO","9209661345"
"BANDY'S PHARMACY","1413 W WHITTAKER ST","SALEM","IL","62881","MARION","6185484000"
"CHEWELAH COMMUNITY HEALTH CNTR","518 E CLAY AVE","CHEWELAH","WA","99109","STEVENS","5099358424"
"FARMACIA GIUSTI","SONIA ST AJ16 VILLA RICA","BAYAMON","PR","00959","BAYAMON","7877855487"
"CVS PHARMACY","2240 CEDAR ST","HOLT","MI","48842","INGHAM","5176941994"
"REASORS PHARMACY","4909 E 41ST ST","TULSA","OK","74135","TULSA","9182707060"
"SAM'S CLUB PHARMACY","9461 WEBB CHAPEL RD","DALLAS","TX","75220","DALLAS","9728690172"
"CVS PHARMACY","1605 FREDERICA RD","SAINT SIMONS ISLAND","GA","31522","GLYNN","9126387732"
"CVS PHARMACY","1316H N BROAD ST","EDENTON","NC","27932","CHOWAN","2524827491"
"KONZA PRAIRIE COMM HLTH CTR INC","361 GRANT AVE","JUNCTION CITY","KS","66441","GEARY","7855796146"
"RITE AID PHARMACY","8775 NORWIN AVE","NORTH HUNTINGDON","PA","15642","WESTMORELAND","7248639074"
"TELESCRIPT PHARMACY","3535 E NEW YORK ST STE 117","AURORA","IL","60504","DUPAGE","6302993900"
"YOKES PHARMACY","1233 N LIBERTY LAKE RD","LIBERTY LAKE","WA","99019","SPOKANE","5099220705"
"CVS PHARMACY","109 E DABNEY DR","HENDERSON","NC","27536","VANCE","2524382337"
"LAWNDALE CHRSTN HLTH CNTR PHCY","3910 W OGDEN AVE","CHICAGO","IL","60623","COOK","8725883250"
"YOUNGS PHARMACY AND GENERAL STORE","1636 BURDEN LAKE RD","AVERILL PARK","NY","12018","RENSSELAER","5186743663"
"CVS PHARMACY","102 N BICKETT BLVD","LOUISBURG","NC","27549","FRANKLIN","9194966111"
"CIRCLE HEALTH SERVICES RX PHCY","12201 EUCLID AVE","CLEVELAND","OH","44106","CUYAHOGA","2167073557"
"CVS PHARMACY","5618 LAKEWOOD TWN CTR BLVD SW","LAKEWOOD","WA","98499","PIERCE","2534141232"
"CVS PHARMACY","240 INDEPENDENCE WAY","DANVERS","MA","01923","ESSEX","9787623154"
"CVS PHARMACY","850 W NORTH AVE","MELROSE PARK","IL","60160","COOK","7083382795"
"TELLICO FAMILY WELLNESS CENTER","707 VETERANS MEMORIAL DR","TELLICO PLAINS","TN","37385","MONROE","4232536003"
"WAYNE DRUGS","34815 W MICHIGAN AVE STE B","WAYNE","MI","48184","WAYNE","7346294336"
"PARK AVE PHARMACY","107 PARK AVE","PATERSON","NJ","07501","PASSAIC","9739288888"
"CVS PHARMACY","456 N 5TH ST","PHILADELPHIA","PA","19123","PHILADELPHIA","2155920104"
"CITY DRUG STORE","602 US HIGHWAY 77A S","YOAKUM","TX","77995","DEWITT","3612932181"
"PUBLIX PHARMACY","2880 GEORGIA HIGHWAY 212 SW","CONYERS","GA","30094","ROCKDALE","7703880320"
"CHURCH HILL DRUG STORE","104 E MAIN BLVD","CHURCH HILL","TN","37642","HAWKINS","4233577441"
"VALLEY HEALTH CARE PHARMACY ELKINS","240 ALLEGHENY HIGHWAY","ELKINS","WV","26241","RANDOLPH","3046354036"
"DIVISION PHARMACY INC","10918 SE DIVISION ST","PORTLAND","OR","97266","MULTNOMAH","5032610303"
"CVS PHARMACY","16964 SLOVER AVE","FONTANA","CA","92337","SAN BERNARDINO","9093560540"
"VIVO HEALTH PHARMACY AT LIJ","270-05 76TH AVE","NEW HYDE PARK","NY","11040","QUEENS","7184708486"
"CVS PHARMACY","3210 N TENAYA WAY","LAS VEGAS","NV","89129","CLARK","7023967840"
"CROSBYS DRUGS","2609 N HIGH ST","COLUMBUS","OH","43202","FRANKLIN","6142639424"
"OPTIMUM WELLNESS PHARMACY","8900 RUFFIAN LANE","NEWBURGH","IN","47630","WARRICK","8125183428"
"MEDICAL PARK PHARMACY EAST","1513 LIVE OAK ST","BEAUFORT","NC","28516","CARTERET","2528381787"
"GEROULD'S PROFESSIONAL PHCY INC.","215 HOFFMAN ST","ELMIRA","NY","14905","CHEMUNG","6077320597"
"ATLANTA CITY PHARMACY","2215 CHESHIRE BRIDGE RD NE #D","ATLANTA","GA","30324","FULTON","4045903785"
"PUBLIX PHARMACY","503 E ALTAMONTE DR","ALTAMONTE SPRINGS","FL","32701","SEMINOLE","4075512260"
"AMERICARE PHARMACY CORP","8114 5TH AVE","BROOKLYN","NY","11209","KINGS","9293735577"
"FEEL BETTER PHARMACY","8710 NORTHERN BLVD STE 104","JACKSON HEIGHTS","NY","11372","QUEENS","7188981001"
"CVS PHARMACY","3730 BELT LINE RD","ADDISON","TX","75001","DALLAS","2144140026"
"CARE ONE PHARMACY","1835 PENNSYLVANIA AVE","BALTIMORE","MD","21217","BALTIMORE CITY","4106693744"
"IMPERIAL PHARMACY","15074 IMPERIAL HWY","LA MIRADA","CA","90638","LOS ANGELES","5629025580"
"KC PHARMACY","2060 ABORN RD SUITE 150B","SAN JOSE","CA","95121","SANTA CLARA","4084004755"
"COMMUNITY HLTH SYSTEMS BECKLEY","252 RURAL ACRES DR","BECKLEY","WV","25801","RALEIGH","3042556800"
"KWIK RX PHARMACY","2308 12TH ST","HARLAN","IA","51537","SHELBY","7127553823"
"SOUTHSIDE DRUG COMPANY","430 WESTERN AVE","STATESVILLE","NC","28677","IREDELL","7048737612"
"PHAST PHARMACY","1121 W COLUMBUS ST","BAKERSFIELD","CA","93301","KERN","6615786500"
"NEW LONDON SPECIALTY PHARMACY","246 8TH AVE 2ND FL STE A","NEW YORK","NY","10011","NEW YORK","2124149755"
"NEERGAARD PHARMACY","454 5TH AVE","BROOKLYN","NY","11215","KINGS","7187680600"
"PUBLIX PHARMACY","36301 E LAKE RD","PALM HARBOR","FL","34685","PINELLAS","7277858837"
"ALBERTSONS MARKET PHARMACY","7800 ENCHANTED HILLS BLVD NE","RIO RANCHO","NM","87144","SANDOVAL","5057718411"
"CAREMOR COLDWATER PHARMACY LLC","407 E CHICAGO ST","COLDWATER","MI","49036","BRANCH","5179241999"
"TOWN & COUNTRY PHARMACY","2209 FREEPORT RD","NEW KENSINGTON","PA","15068","WESTMORELAND","7243352330"
"PUBLIX PHARMACY","1090 SPIRIT LAKE RD","WINTER HAVEN","FL","33880","POLK","8632935007"
"CVS PHARMACY","3600 S LOUISE AVE","SIOUX FALLS","SD","57106","MINNEHAHA","6052541100"
"HEALTHPLUS & PHARMACY AT JMH","16000 JOHNSTON MEMORIAL DR","ABINGDON","VA","24211","WASHINGTON","2762581990"
"SANDHILLS MEDICAL PHARMACY","40 BALDWIN AVE","LUGOFF","SC","29078","KERSHAW","8034385537"
"ATRIUM PHARMACY AT DEPAUL","155 KINGSLEY LN STE 125","NORFOLK","VA","23505","NORFOLK CITY","7572782150"
"13 AND UTICA DRUGS","16970 13 MILE RD","ROSEVILLE","MI","48066","MACOMB","5868790997"
"PUBLIX PHARMACY","731 DUVAL STATION RD STE 4","JACKSONVILLE","FL","32218","DUVAL","9046963363"
"BETTER CARE RX","4128 W BURBANK BLVD","BURBANK","CA","91505","LOS ANGELES","8185000079"
"BILLINGS DRUG","163 E COLLEGE AVE # 37","STANTON","KY","40380","POWELL","6066632848"
"SUNRISE PHARMACY","139 S PEBBLE BEACH BLVD # 103","SUN CITY CENTER","FL","33573","HILLSBOROUGH","8136338222"
"WALKER PHARMACY","410 W MAIN STREET","STERLING","CO","80751","LOGAN","9705221302"
"CVS PHARMACY","1485 POLARIS PKWY","COLUMBUS","OH","43240","DELAWARE","6144305596"
"CVS PHARMACY","233 CARMICHAEL WAY","CHESAPEAKE","VA","23322","CHESAPEAKE CITY","7574216641"
"CLAREMORE COMPOUNDING","1151 N LYNN RIGGS BLVD","CLAREMORE","OK","74017","ROGERS","9182833784"
"INDIAN VILLAGE PHARMACY","8415 E JEFFERSON AVE","DETROIT","MI","48214","WAYNE","3133312000"
"PIONEER UNITED DRUGS","1261 MAIN ST","NEWMAN","CA","95360","STANISLAUS","2098622955"
"NORTHSHORE UNIV HEALTHSYSTEM","9669 KENTON AVE STE 1726","SKOKIE","IL","60076","COOK","8479336890"
"PROFESSIONAL PHARMACY","9106 PHILADELPHIA RD STE 100","ROSEDALE","MD","21237","BALTIMORE","4106878113"
"CVS PHARMACY","8290 TRANSIT RD","WILLIAMSVILLE","NY","14221","ERIE","7166398204"
"COLLEGE PARK PHARMACY","4701 MELBOURNE PL","COLLEGE PARK","MD","20740","PRINCE GEORGES","3014740500"
"MOSELEY DRUG COMPANY","412 JOHNSON ST SE","DAWSON","GA","39842","TERRELL","2299952126"
"SEVEN LAKES PRESCRIPTION SHOPPE","120 MACDOUGALL DR","WEST END","NC","27376","MOORE","9106737467"
"CVS PHARMACY","900 HARTFORD TPKE","WATERFORD","CT","06385","NEW LONDON","8604433171"
"MC CULLOUGHS","547 KENOSHA ST","WALWORTH","WI","53184","WALWORTH","2622752137"
"PRIMACARE PHARMACY INC","41-28 MAIN ST STORE","FLUSHING","NY","11355","QUEENS","7188868968"
"COUNTY MARKET PHARMACY","520 W CLINTON ST","RUSHVILLE","IL","62681","SCHUYLER","2173223383"
"CENTRAL PHARMACY LAINGSBURG","7400 WOODBURY RD","LAINGSBURG","MI","48848","SHIAWASSEE","5176511777"
"CVS PHARMACY","7530 ORANGETHORPE AVE","BUENA PARK","CA","90621","ORANGE","7146760014"
"FLORENCE PHARMACY NORTH","5549 OLD HWY 93","FLORENCE","MT","59833","RAVALLI","4062736565"
"CEDARFIELD PHARMACY","7016 LEE PARK RD STE 300","MECHANICSVILLE","VA","23111","HANOVER","8049685530"
"BRIDGEPORT PHARMACY","527 MEDICAL PARK DR STE 105","BRIDGEPORT","WV","26330","HARRISON","3049333880"
"CORNERSTONE FAMILY PHARMACY","851 GOODYEAR AVE","GADSDEN","AL","35903","ETOWAH","2564565850"
"PROMPTCARE HOME INFUSION LLC","41 SPRING ST STE 103B","NEW PROVIDENCE","NJ","07974","UNION","7326922745"
"RX PRO PENNSYLVANIA","280 INDIAN SPRINGS RD STE 125","INDIANA","PA","15701","INDIANA","7244639300"
"MCLESKEY TODD PHARMACY","109 N MAIN ST","GREER","SC","29650","GREENVILLE","8648770753"
"HANNAFORD FOOD & DRUG","299 ELM ST","BIDDEFORD","ME","04005","YORK","2072830409"
"IL STATE UNIV STUDENT HLTH PHC","101 N UNIVERSITY ST","NORMAL","IL","61790","MCLEAN","3094388713"
"R&S DRUG","3117 N HIGHWAY 81","DUNCAN","OK","73533","STEPHENS","5802520140"
"CVS PHARMACY","1935 CAMPBELL ST","DETROIT","MI","48209","WAYNE","3138423410"
"NEVADA PEDIATRIC SPECIALISTS","3201 S MARYLAND PKWY STE 608","LAS VEGAS","NV","89109","CLARK","7024575437"
"ATLANTIC FOOT & ANKLE SPCLSTS","7101 GUILFORD RD STE 204","FREDERICK","MD","21701","FREDERICK","3016948880"
"RITE AID PHARMACY","3730 BRIGHTON RD","PITTSBURGH","PA","15212","ALLEGHENY","4127613363"
"DOMINION PHARMACY SERVICES","10516 JEFFERSON AVE","NEWPORT NEWS","VA","23601","NEWPORT NEWS CITY","7575995007"
"MAPLE PHARMACY","620 S GLENDALE AVE #J","GLENDALE","CA","91205","LOS ANGELES","8185461400"
"SUPER FARMACIA JAYLEEN","CARR 110 KM 0 3 BO CEIBA BAJA","AGUADILLA","PR","00603","AGUADILLA","7878821956"
"STARWOOD PHARMACY SERVICES","3550 PARKWOOD BLVD STE 111","FRISCO","TX","75034","COLLIN","2126180052"
"IOWA PHARMACY","615 E MILLER AVE","IOWA","LA","70647","CALCASIEU","3374224022"
"CVS PHARMACY","176 ANDREWS AVE","OZARK","AL","36360","DALE","3347742654"
"MERCY PHARMACY","2231 PEGGY LN STE B","GARLAND","TX","75042","DALLAS","9722725274"
"KAY CEE LTC PHARMACY","4611 ASSEMBLY DR STE H","LANHAM","MD","20706","ANNE ARUNDEL","4107898454"
"GUTTENBERG PHARMACY","807 S HWY 52","GUTTENBERG","IA","52052","CLAYTON","5632521172"
"FIRST LONE STAR PHARMACY GROUP","906 NE BIG BEND TRL","GLEN ROSE","TX","76043","SOMERVELL","2548972711"
"BOB'S PHARMACY","210 SW 89TH ST STE F","OKLAHOMA CITY","OK","73139","CLEVELAND","4056318174"
"CVS PHARMACY","711 E JEFFERSON ST","TIPTON","IN","46072","TIPTON","7656753400"
"PRIMENET MED GRP OF KENDALL","9000 SW 137TH AVE #115","MIAMI","FL","33186","MIAMI-DADE","3053871981"
"ONAGA PHARMACY","300 LEONARD","ONAGA","KS","66521","POTTAWATOMIE","7858897181"
"WAIMANALO PHARMACY","41-1610 KALANIANAOLE HWY","WAIMANALO","HI","96795","HONOLULU","8082598488"
"HOMESTAR RX AND INFUSION SVCS","77 S COMMERCE WAY STE 200","BETHLEHEM","PA","18017","NORTHAMPTON","4845264210"
"NEIL MEDICAL GROUP-BURLINGTON","509 S LEXINGTON AVE","BURLINGTON","NC","27215","ALAMANCE","3362286337"
"SOLEO HEALTH INC","1324 W WINTON AVE","HAYWARD","CA","94545","ALAMEDA","5103627360"
"COMMUNITY PHARMACY","612 WEST MARINE CORP DR STE 8","DEDEDO","GU","96929","GUAM","6716373323"
"FIRST HEALTH SPECIALTY PHCY INC","2259 7TH AVE","NEW YORK","NY","10027","NEW YORK","6468526440"
"CVS PHARMACY","4515 HIGHWAY 411","MADISONVILLE","TN","37354","MONROE","4234425211"
"BUY RITE DRUGS","400 MEDICAL PARK DR","ATMORE","AL","36502","ESCAMBIA","2513687483"
"SPENCE PHARMACY","4821 GREEN OAKS DR","RIVER OAKS","TX","76114","TARRANT","8176263744"
"MAIN STREET PHARMACY","531 MAIN ST STE K","SAFETY HARBOR","FL","34695","PINELLAS","7273307530"
"SUPER 1 PHARMACY","604 MACARTHUR DR","ALEXANDRIA","LA","71303","RAPIDES","3184425710"
"REASORS PHARMACY","7114 S SHERIDAN RD","TULSA","OK","74133","TULSA","9184810000"
"SEIP DRUG","101 EAST MAIN ST","FRAZEE","MN","56544","BECKER","2183343070"
"GLEN DANIEL PHARMACY","6435 HARPER RD","SURVEYOR","WV","25932","RALEIGH","3049346337"
"BROOKLERE PHARMACY","385 BRYAN RD","SUMITON","AL","35148","WALKER","2056486059"
"RIDER DRUG","1207 S BALTIMORE ST","KIRKSVILLE","MO","63501","ADAIR","6606654666"
"PRINCETON PHARMACY","610 N MAIN ST","PRINCETON","IL","61356","BUREAU","8158751237"
"KIM PHARMACY","5026 FRUITRIDGE RD #3","SACRAMENTO","CA","95820","SACRAMENTO","9164699813"
"HARPELLS DITMARS PHARMACY","2325 31ST ST","ASTORIA","NY","11105","QUEENS","7182785454"
"PINO PHARMACY","1350 SW 57TH AVE STE 105","WEST MIAMI","FL","33144","MIAMI-DADE","3052622920"
"THE PHARMACY SHOP INC","28411 DEQUINDRE RD","MADISON HEIGHTS","MI","48071","OAKLAND","2485915555"
"CVS PHARMACY","201 W MAIN ST","BELLEVUE","OH","44811","SANDUSKY","4194832455"
"MORGANS PHARMACY","309 BROAD ST","GILBERT","SC","29054","LEXINGTON","8038925572"
"HARTFORD PHARMACY","469 PARK ST","HARTFORD","CT","06106","HARTFORD","8604228888"
"PUBLIX PHARMACY","100 OLD CHEROKEE RD","LEXINGTON","SC","29072","LEXINGTON","8039511727"
"VILLAGE SHIRES PHARMACY","1464 BUCK RD","HOLLAND","PA","18966","BUCKS","2158608000"
"ABQ BESTCARE PHARMACY 3 LLC","2901 TRANSPORT ST SE","ALBUQUERQUE","NM","87106","BERNALILLO","5052682030"
"SPOTSWOOD PHARMACY","14 SNOWHILL ST","SPOTSWOOD","NJ","08884","MIDDLESEX","7329556060"
"PUBLIX PHARMACY","807 CHILDRENS WAY","JACKSONVILLE","FL","32207","DUVAL","9046973601"
"BBRX PHARMACY","6013 7TH AVE UNIT B","BROOKLYN","NY","11220","KINGS","7184390502"
"CVS PHARMACY","10107 RESEARCH BLVD","AUSTIN","TX","78759","TRAVIS","5126871316"
"CVS PHARMACY","2305 THEATRE DR","PASO ROBLES","CA","93446","SAN LUIS OBISPO","8052274304"
"MARMADUKE FAMILY PHARMACY","11901 HWY 49 N","MARMADUKE","AR","72443","GREENE","8705972911"
"WESTSIDE MEDICAL PHARMACY","6565 W MAIN ST","KALAMAZOO","MI","49009","KALAMAZOO","2693751700"
"CENTERS FOR FAMILIES & CHILDRE","5955 RIDGE RD","PARMA","OH","44129","CUYAHOGA","4408880300"
"COMMUNITY HEALTH ALLIANCE","1055 S WELLS AVE STE 120","RENO","NV","89502","WASHOE","7753363035"
"HARRY'S PHARMACY & SURGICALS","333 S. BROADWAY","HICKSVILLE","NY","11801","NASSAU","5169333322"
"THOMPSON DISCOUNT DRUG","810 E 4TH ST","LONDON","KY","40741","LAUREL","6068787713"
"TUPELO DRUGS","715 GARFIELD STREET","TUPELO","MS","38801","LEE","8556121385"
"CAREMORE RX PHARMACY","2260 CROTONA AVE","BRONX","NY","10457","BRONX","9178012325"
"DINUBA PHARMACY","172 N L ST","DINUBA","CA","93618","TULARE","5597254525"
"FREEPORT PHARMACY","82 GUY LOMBARDO AVE","FREEPORT","NY","11520","NASSAU","5163778500"
"CVS PHARMACY","1300 W LAKE ST","MINNEAPOLIS","MN","55408","HENNEPIN","6128240991"
"NICHOLS HILL PHARMACY","2844 SUMMIT ST","OAKLAND","CA","94609","ALAMEDA","5108938841"
"CVS PHARMACY","800 WATKINS RD","MARYVILLE","TN","37801","BLOUNT","8659826523"
"SOMERSET PHARMACY","101 S MAIN ST","SOMERSET","KY","42501","PULASKI","6066791571"
"ALLCARE PHARMACY","10620 COLONEL GLEN RD STE 300","LITTLE ROCK","AR","72204","PULASKI","5012178880"
"BLACKFORD COMMUNITY HEALTHCARE PHCY","400 PILGRIM BLVD","HARTFORD CITY","IN","47348","BLACKFORD","7653484989"
"PUBLIX PHARMACY","840 GLYNN ST S","FAYETTEVILLE","GA","30214","FAYETTE","6788175420"
"COLORADO MEDICAL PHARMACY","1680  COLORADO BLVD","LOS ANGELES","CA","90041","LOS ANGELES","3232546736"
"CVS PHARMACY","2754 LEGENDS PKWY","PRATTVILLE","AL","36066","AUTAUGA","3342906001"
"BUY-RITE PHARMACYII","106 LAFAYETTE ST","NEW YORK","NY","10013","NEW YORK","2129669239"
"PUBLIX PHARMACY","2038 US HIGHWAY 98 W","SANTA ROSA BEACH","FL","32459","WALTON","8502671166"
"CLEVELAND PHARMACY","36321 STATE HIGHWAY 79 STE 2","CLEVELAND","AL","35049","BLOUNT","2052748000"
"THE PHARMACY AT RMC","400 E 10TH ST STE WC300","ANNISTON","AL","36207","CALHOUN","2562941171"
"CASA DE VIDA PHARMACY","52 WEST BURNSIDE AVE","BRONX","NY","10453","BRONX","3478207989"
"CVS PHARMACY","2621 W SCHAUMBURG RD","SCHAUMBURG","IL","60194","COOK","8477981238"
"PUBLIX PHARMACY","10250 STAPLES MILL RD.","GLEN ALLEN","VA","23060","HENRICO","8045914320"
"PUBLIX PHARMACY","8075 SW HIGHWAY 200 UNIT 111","OCALA","FL","34481","MARION","3522910372"
"MARY RULAN HSP HLTH CTR RET PHCY","1134 N MAIN","BELLEFONTAINE","OH","43311","LOGAN","9376516783"
"WRIGHTS PHARMACY","147 W SAGINAW ST","HEMLOCK","MI","48626","SAGINAW","9896425411"
"BAPTIST REGIONAL APOTHECARY","1 TRILLIUM WAY","CORBIN","KY","40701","WHITLEY","6065268334"
"HEAVEN AID PHARMACY","2385 GRAND CONCOURSE","BRONX","NY","10468","BRONX","3478797870"
"WONDERFUL RX PHARMACY INC","52 JERICHO TPKE","MINEOLA","NY","11501","NASSAU","5164164881"
"UMC PHARMACY INC","1201 1/2 N VERMONT AVE","LOS ANGELES","CA","90029","LOS ANGELES","3236612223"
"FREDERIC PHARMACY","201 OAK ST WEST","FREDERIC","WI","54837","POLK","7153274208"
"CVS PHARMACY","65 BOSTON ST","LYNN","MA","01904","ESSEX","7815955997"
"CVS PHARMACY","700 W SEMINARY DR","FORT WORTH","TX","76115","TARRANT","8179262661"
"COSTCO PHARMACY","26960 NW FREEWAY","CYPRESS","TX","77429","HARRIS","8326534586"
"AHF PHARMACY","16121 JAMAICA AVE # 7","JAMAICA","NY","11432","QUEENS","9294214620"
"CVS PHARMACY","3801 SW GREEN OAKS BLVD","ARLINGTON","TX","76017","TARRANT","8175722365"
"CVS PHARMACY","6300 PROSPECT AVE","KANSAS CITY","MO","64132","JACKSON","8164442922"
"CVS PHARMACY","10 SARAHS WAY","FAIRHAVEN","MA","02719","BRISTOL","5089990790"
"CVS PHARMACY","105 MAIN ST","MAYNARD","MA","01754","MIDDLESEX","9788972939"
"CVS PHARMACY","2565 LONDON GROVEPORT RD","GROVE CITY","OH","43123","FRANKLIN","6142772921"
"HY-VEE PHARMACY","5050 EDGEWOOD RD NE","CEDAR RAPIDS","IA","52411","LINN","3192949193"
"CVS PHARMACY","55 DIMOCK ST","ROXBURY","MA","02119","SUFFOLK","6179891022"
"CVS PHARMACY","100 MARIS GROVE WAY","GLEN MILLS","PA","19342","DELAWARE","6103874540"
"CVS PHARMACY","6358 FOREST HILL BLVD","GREENACRES","FL","33415","PALM BEACH","5619641702"
"DUANE READE","1052-1055 1ST AVE","NEW YORK","NY","10022","NEW YORK","6462820530"
"CVS PHARMACY","3511 US HIGHWAY 19","NEW PORT RICHEY","FL","34652","PASCO","7278418205"
"CVS PHARMACY","1422 E PASS RD","GULFPORT","MS","39507","HARRISON","2286040138"
"CVS PHARMACY","13171 MINDANAO WAY","MARINA DEL REY","CA","90292","LOS ANGELES","3108218908"
"COSTCO PHARMACY","355 E NEIDER AVE","COEUR D ALENE","ID","83815","KOOTENAI","2086767353"
"CVS PHARMACY","9197 S FEDERAL HWY","PORT SAINT LUCIE","FL","34952","SAINT LUCIE","7723354668"
"CVS PHARMACY","1600 MAIN ST","DICKSON CITY","PA","18519","LACKAWANNA","5703833211"
"CVS PHARMACY","9805 ROCKY RIVER RD","CHARLOTTE","NC","28215","MECKLENBURG","7044943466"
"CVS PHARMACY","1111 TAMIAMI TRL N","NOKOMIS","FL","34275","SARASOTA","9414848406"
"CVS PHARMACY","6011 KIRBY DR","HOUSTON","TX","77005","HARRIS","7135223983"
"STOP & SHOP PHARMACY","801 NEWARK AVE","ELIZABETH","NJ","07208","UNION","9088209301"
"CVS PHARMACY","6417 W HIGGINS AVE","CHICAGO","IL","60656","COOK","7736315906"
"LIFE STAR PHARMACY INC","1215 JEROME AVENUE","BRONX","NY","10452","BRONX","7186845010"
"JOELTON PRESCRIPTION SHOP","7164 WHITES CREEK PIKE","JOELTON","TN","37080","DAVIDSON","6158760633"
"PUBLIX PHARMACY","955 STATE ROAD 16","SAINT AUGUSTINE","FL","32084","SAINT JOHNS","9048196774"
"UNITED PHARMACY","3552 S SONCY RD","AMARILLO","TX","79119","RANDALL","8064676815"
"OCEANSIDE PHARMACY & SUPERMARKET","3206 MERMAID AVE","BROOKLYN","NY","11224","KINGS","7189964949"
"PUBLIX PHARMACY","4760 W HILLSBORO BLVD","COCONUT CREEK","FL","33073","BROWARD","9544200870"
"KHN PHARMACY GRANDVIEW","405 W GRAND AVE","DAYTON","OH","45405","MONTGOMERY","9377233530"
"MEMORIAL REG HOSP PRIMARY CARE CTR","4105 PEMBROKE RD","HOLLYWOOD","FL","33021","BROWARD","9542658485"
"RIVERVIEW PHCY & SURGICALS","408-410 EASTERN BLVD","ESSEX","MD","21221","BALTIMORE","4432315177"
"PHARMACY SHOP","69 N PINE ST","BLACKFOOT","ID","83221","BINGHAM","2087853510"
"CVS PHARMACY","1922 E MAIN ST","TORRINGTON","CT","06790","LITCHFIELD","8606184008"
"GIBSON'S PHARMACY","240 E WINCHESTER ST","MURRAY","UT","84107","SALT LAKE","8012625526"
"PUBLIX PHARMACY","8000 MADISON BLVD STE A","MADISON","AL","35758","MADISON","2564616467"
"UTLEY & JONES PHARMACY","112 LAFAYETTE ST","NORWICH","CT","06360","NEW LONDON","8608872538"
"FIRST STOP PHARMACY","101 E CORPORATE DR STE 220A","LEWISVILLE","TX","75067","DENTON","9722998990"
"FAIRHOPE PHARMACY","398 FAIRHOPE AVE","FAIRHOPE","AL","36532","BALDWIN","2519288822"
"CVS PHARMACY","5000 HADLEY CENTER DR","SOUTH PLAINFIELD","NJ","07080","MIDDLESEX","9084442024"
"EASTON'S NEIGHBORX PHARMACY","1800 SULLIVAN TRL STE 305","EASTON","PA","18040","NORTHAMPTON","6108291515"
"HOMEWOOD PHARMACY","940 OXMOOR RD","BIRMINGHAM","AL","35209","JEFFERSON","2058719000"
"PUBLIX PHARMACY","1700 SHERIDAN ST","HOLLYWOOD","FL","33020","BROWARD","9549266657"
"HOMETOWN PHARMACY","397 OLD US HIGHWAY 421","MANCHESTER","KY","40962","CLAY","6065986337"
"CVS PHARMACY","9371 COORS BLVD NW","ALBUQUERQUE","NM","87114","BERNALILLO","5058997731"
"SINDECUSE PHARMACY","1903 W MICHIGAN AVE","KALAMAZOO","MI","49008","KALAMAZOO","2693873355"
"RALEY'S DRUG CENTER","700  ONSOTT ROAD","YUBA CITY","CA","95991","SUTTER","5306738880"
"OAKWOOD PHARMACY-CANTON","7330 N CANTON CENTER RD STE 11","CANTON","MI","48187","WAYNE","7344548070"
"PUBLIX PHARMACY","6251 PGA BLVD","PALM BEACH GARDENS","FL","33418","PALM BEACH","5616240234"
"CONCORD PHARMACY","771 OLD NORCROSS RD","LAWRENCEVILLE","GA","30046","GWINNETT","6789908920"
"SOUTHFIELD SCRIPTS","17330 NORTHLAND PARK CT #101","SOUTHFIELD","MI","48075","OAKLAND","2486219149"
"CVS PHARMACY","1720 W PRIEN LAKE RD","LAKE CHARLES","LA","70601","CALCASIEU","3375627802"
"BUY RITE PHARMACY","11 CHATHAM SQ","NEW YORK","NY","10038","NEW YORK","2129257698"
"ADAMS DISCOUNT PHARMACY","241 N KESWICK AVE","GLENSIDE","PA","19038","MONTGOMERY","2155721118"
"CVS PHARMACY","180 DONAHUE ST","SAUSALITO","CA","94965","MARIN","4152890534"
"SERVICE DRUGS","680 HIGHWAY 51 STE G","RIDGELAND","MS","39157","MADISON","6018534611"
"SCITUATE PHARMACY","384 GANNETT RD","SCITUATE","MA","02066","PLYMOUTH","7815451020"
"BARTHS OF EAST QUOGUE INC","424 MONTAUK HWY","EAST QUOGUE","NY","11942","SUFFOLK","6316533784"
"APEX PHARMACY & HOME CARE CTR","2380 DIXWELL AVE","HAMDEN","CT","06514","NEW HAVEN","2032816571"
"SUNWAY PHARMACY","5723 5TH AVE","BROOKLYN","NY","11220","KINGS","7184395000"
"VALUE DRUGS","89 N STATE RD","BRIARCLIFF MANOR","NY","10510","WESTCHESTER","9149411970"
"PUBLIX PHARMACY","255 NW COMMONS LOOP","LAKE CITY","FL","32055","COLUMBIA","3867195451"
"ACC APOTHECARY","153 CALIFORNIA ST","NEWTON","MA","02458","MIDDLESEX","6175271563"
"SHELDONS EXPRESS PHARMACY","843 FAIRVIEW AVE","BOWLING GREEN","KY","42101","WARREN","2708424515"
"V CARE PHARMACY","362 S MAIN ST","PHILLIPSBURG","NJ","08865","WARREN","9084540727"
"PUBLIX PHARMACY","13178 N DALE MABRY HWY","TAMPA","FL","33618","HILLSBOROUGH","8139612658"
"CVS PHARMACY","1112 WOODRUFF RD","GREENVILLE","SC","29607","GREENVILLE","8642860867"
"PUBLIX PHARMACY","8330 MARKET ST","LAKEWOOD RANCH","FL","34202","MANATEE","9419072844"
"ALAMEDA THRIFTY PHARMACY L.P.","4900 ALAMEDA AVE","EL PASO","TX","79905","EL PASO","9157725331"
"BOYDS DRUG MART (EAST)","909 E SAINT PATRICK ST","RAPID CITY","SD","57701","PENNINGTON","6053480747"
"RYAN PHARMACY","1100 1ST ST E","INDEPENDENCE","IA","50644","BUCHANAN","3193347171"
"PUBLIX PHARMACY","2067 NORTH ATLANTIC AVE","COCOA BEACH","FL","32931","BREVARD","3216139107"
"WELLNESS PLUS PHARMACY","810 FLUSHING AVE","BROOKLYN","NY","11206","KINGS","7184433900"
"ROWE'S PHARMACY","2416 MEMORIAL BLVD","KINGSPORT","TN","37664","SULLIVAN","4232455191"
"HUGHES HEALTH MART PHARMACY","2216 MAIN ST","EMMETSBURG","IA","50536","PALO ALTO","7128522886"
"PENN DRUG","714 ILLINOIS STREET","SIDNEY","IA","51652","FREMONT","7123742513"
"SENTER PHARMACY","2643 SENTER RD STE A","SAN JOSE","CA","95111","SANTA CLARA","4082874899"
"OCEANSIDE PHARMACY","3601 VISTA WAY STE 103","OCEANSIDE","CA","92056","SAN DIEGO","7602315800"
"ALTAMA PHARMACY","5711 ALTAMA AVE STE G","BRUNSWICK","GA","31525","GLYNN","9122642622"
"HK PHARMACY","124 N WESTERN AVE","LOS ANGELES","CA","90004","LOS ANGELES","3234643925"
"CVS PHARMACY","1135 WOODSTOCK RD","ROSWELL","GA","30075","FULTON","7709987122"
"MEDICINE SHOPPE PHARMACY","1144 AIRPORT DR","ALEXANDER CITY","AL","35010","TALLAPOOSA","2562158014"
"CVS PHARMACY","2480 TAMIAMI TRL","PORT CHARLOTTE","FL","33952","CHARLOTTE","9416250023"
"DUANE READE","1235 LEXINGTON AVE","NEW YORK","NY","10028","NEW YORK","2125702710"
"CVS PHARMACY","3501 N US HIGHWAY 441","OCALA","FL","34475","MARION","3526223083"
"CVS PHARMACY","800 CARLYLE AVE","BELLEVILLE","IL","62221","SAINT CLAIR","6182770419"
"CVS PHARMACY","14041 NOEL RD","DALLAS","TX","75240","DALLAS","9723878664"
"CVS PHARMACY","456 DANIEL WEBSTER HWY","MERRIMACK","NH","03054","HILLSBOROUGH","6034241120"
"CVS PHARMACY","327 WOODLAWN AVE","BETHLEHEM","PA","18018","NORTHAMPTON","6106914460"
"HY-VEE DRUGSTORE","1706 S CENTER ST","MARSHALLTOWN","IA","50158","MARSHALL","6417584685"
"CVS PHARMACY","157 LOUDON RD","CONCORD","NH","03301","MERRIMACK","6032250793"
"CVS PHARMACY","1227 US 127 S","FRANKFORT","KY","40601","FRANKLIN","5022278238"
"AHF PHARMACY","1605 PEACHTREE ST NE","ATLANTA","GA","30309","FULTON","4048793990"
"HY-VEE PHARMACY","1320 9TH AVE SE","WATERTOWN","SD","57201","CODINGTON","6058860661"
"CVS PHARMACY","400 MASSACHUSETTS AVE","ACTON","MA","01720","MIDDLESEX","9782633385"
"SUMMERS PHARMACY","895 W COLLEGE","MARSHALL","MO","65340","SALINE","6608315220"
"CVS PHARMACY","801 HIGHWAY 80 E","CLINTON","MS","39056","HINDS","6019242111"
"CVS PHARMACY","1295 E LEAGUE CITY PKWY","LEAGUE CITY","TX","77573","GALVESTON","2813328290"
"CVS PHARMACY","674 MIDDLETOWN ODESSA RD","MIDDLETOWN","DE","19709","NEW CASTLE","3023782287"
"CVS PHARMACY","1875 N KRAEMER BLVD","PLACENTIA","CA","92870","ORANGE","7145725656"
"CVS PHARMACY","1078 E 10TH ST","COOKEVILLE","TN","38501","PUTNAM","9313727425"
"CVS PHARMACY","455 S BROADWAY","GLOUCESTER CITY","NJ","08030","CAMDEN","8564568500"
"CVS PHARMACY","7975 N WICKHAM RD","MELBOURNE","FL","32940","BREVARD","3217517534"
"CVS PHARMACY","9405 W RUSSELL RD","LAS VEGAS","NV","89148","CLARK","7022627854"
"HY-VEE PHARMACY","1975 NATIONAL BLVD","GALESBURG","IL","61401","KNOX","3093441101"
"CVS PHARMACY","4102 AYERS ST","CORPUS CHRISTI","TX","78415","NUECES","3618556261"
"COSTCO PHARMACY","1275 AIRPORT PARK BLVD","UKIAH","CA","95482","MENDOCINO","7073138014"
"CVS PHARMACY","13320 LAUREL BOWIE RD","LAUREL","MD","20708","PRINCE GEORGES","3017763660"
"CVS PHARMACY","1393 BIG BEND","BALLWIN","MO","63021","SAINT LOUIS","6362254633"
"CVS PHARMACY","3717 HAMPTON BLVD","NORFOLK","VA","23508","NORFOLK CITY","7575339134"
"UNIVERSITY HLTH SYSTEM-PAVILION PHY","4647 MEDICAL DR","SAN ANTONIO","TX","78229","BEXAR","2103588680"
"COLLINGSWORTH PHARMACY","1016 16TH ST","WELLINGTON","TX","79095","COLLINGSWORTH","8064471184"
"SAM'S CLUB PHARMACY","3383 BUFORD DR","BUFORD","GA","30519","GWINNETT","7708318182"
"FRESH MARKET PHARMACY","2040 S 2300 E","SALT LAKE CITY","UT","84108","SALT LAKE","8014871018"
"CVS PHARMACY","589 N MARTIN LUTHER KING JR DR","WINSTON SALEM","NC","27101","FORSYTH","3367222792"
"PREMIER PHARMACY","1580 SANTA BARBARA BLVD","THE VILLAGES","FL","32159","SUMTER","3525613234"
"CVS PHARMACY","20641 FAIRMOUNT BLVD","SHAKER HEIGHTS","OH","44118","CUYAHOGA","2163711234"
"TOWN AND COUNTRY PHARMACY","939 UNIVERSITY BLVD N","JACKSONVILLE","FL","32211","DUVAL","9047440104"
"VAUGHN PHARMACY","2141 EMORY RD","POWELL","TN","37849","KNOX","8659471581"
"SMOKY MOUNTAIN PHARMACY","958 DOLLY PARTON PARKWAY","SEVIERVILLE","TN","37862","SEVIER","8657741355"
"CVS PHARMACY","7291 N MIDDLEBELT RD","WESTLAND","MI","48185","WAYNE","7345225200"
"HEALTH-WAY SAVE-ON DRUGS","1903 W DEWITT HENRY DR","BEEBE","AR","72012","WHITE","5018826471"
"BRONZEVILLE PHARMACY","3241 S MICHIGAN AVE STE 1583","CHICAGO","IL","60616","COOK","3129497713"
"SAN MARTIN PHARMACY","2699 E FLORENCE AVE","HUNTINGTON PARK","CA","90255","LOS ANGELES","3235826078"
"CITIZENS EXPRESS PHARMACY","4104 TATE STREET","COVINGTON","GA","30014","NEWTON","7707889191"
"BAYADA PHARMACY","101 EXECUTIVE DR STE 10","MOORESTOWN","NJ","08057","BURLINGTON","8563801828"
"CVS PHARMACY","1950 BUFORD HWY","BUFORD","GA","30518","GWINNETT","7709457286"
"OKIE'S PHARMACY","4221 MAYNARDVILLE HWY","MAYNARDVILLE","TN","37807","UNION","8659929455"
"UNITED SCRIPTS LTC LLC","3411 NE RALPH POWELL RD","LEES SUMMIT","MO","64064","JACKSON","8888188848"
"CVS PHARMACY","1208 MAPLE AVE","ZANESVILLE","OH","43701","MUSKINGUM","7404533442"
"TANG PHARMACY II","5600 N 5TH ST","PHILADELPHIA","PA","19120","PHILADELPHIA","2152243333"
"PRIMARY CHOICE PHARMACY","5575 OLD YORK RD","PHILADELPHIA","PA","19141","PHILADELPHIA","2154379043"
"CASEYS PRESCRIPTION PAD INC","5844 SOUTHWESTERN BLVD STE 300","HAMBURG","NY","14075","ERIE","7169269044"
"RITE AID PHARMACY","229 INDEPENDENCE PLZ","SELDEN","NY","11784","SUFFOLK","6316988500"
"WEIS PHARMACY","693 LOMBARD RD","RED LION","PA","17356","YORK","7172464761"
"UNITED MEMORIAL MED CNTR OP PHCY","127 NORTH ST","BATAVIA","NY","14020","GENESEE","5858156736"
"CVS PHARMACY","131 3RD ST","MARIETTA","OH","45750","WASHINGTON","7403732961"
"ONECARE LTC","1945 HEIDE DR","TROY","MI","48084","OAKLAND","2486632273"
"KINGS PHARMACY","2814 N UNIVERSITY DR","CORAL SPRINGS","FL","33065","BROWARD","9545757085"
"BANNER DRUG DOWNTOWN STATESVILLE","837 N CENTER ST","STATESVILLE","NC","28677","IREDELL","7048720880"
"FL COMM HEALTH CTR FT PIERCE","1505 DELAWARE AVE","FORT PIERCE","FL","34950","SAINT LUCIE","7724626520"
"MEDSCRIPTS EUREKA DISPENSARY","10980 SW 184TH ST","CUTLER BAY","FL","33157","MIAMI-DADE","3058574407"
"WESTERN DRUG PHARMACY","123 5TH AVE STE B","HAVRE","MT","59501","HILL","4062659601"
"MCGLYNN PHARMACY","100 E MAIN ST","STOUGHTON","WI","53589","DANE","6088733244"
"SAM'S CLUB PHARMACY","8340 W MCDOWELL RD","PHOENIX","AZ","85037","MARICOPA","6239360468"
"SHOPSMART PHARMACY","570 N BROAD ST STE D","ELIZABETH","NJ","07208","UNION","9083552400"
"PREMIER PHARMACY CARE LLC","760 MICHAELA DR","N LITTLE ROCK","AR","72117","PULASKI","5019921006"
"FUTRELL PHARMACY","115 E BROADWAY ST","POCAHONTAS","AR","72455","RANDOLPH","8708925615"
"112 PHARMACY & SURGICAL","689 MEDFORD AVE","PATCHOGUE","NY","11772","SUFFOLK","6312892468"
"PALMETTO DRUG MART","907 10TH ST E","PALMETTO","FL","34221","MANATEE","9414044121"
"AMERICAN CARE OF S FL INC NW MIAMI","1521 NW 54TH ST","MIAMI","FL","33142","MIAMI-DADE","3052780200"
"ADVANCED INFUSIONCARE","212 NORTHSIDE DR SUITE B","VALDOSTA","GA","31602","LOWNDES","2292423060"
"PATIO DRUGS","5208 VETERANS BLVD","METAIRIE","LA","70006","JEFFERSON","5048897070"
"FAMILY CARE PHARMACY","98 HIGHWAY 63B STE A","MARKED TREE","AR","72365","POINSETT","8703582484"
"MAYFLOWER PHARMACY","8323 SOUTHWEST FWY STE 115","HOUSTON","TX","77074","HARRIS","7139815900"
"SEQUOIA ONCOLOGY MEDICAL ASSOC","4945 W CYPRESS AVE STE C","VISALIA","CA","93277","TULARE","5596243036"
"FOUCH & SON PHARMACY","692 E STREET","WILLIAMS","CA","95987","COLUSA","5304735350"
"CVS PHARMACY","2501 2ND LOOP RD","FLORENCE","SC","29501","FLORENCE","8436670134"
"READY RX LLC","9516 QUEENS BLVD","REGO PARK","NY","11374","QUEENS","7182755300"
"COLLABORATIVE PHARMACY","4301 LYONS RD","MIAMISBURG","OH","45342","MONTGOMERY","9374584949"
"CVS PHARMACY","22 UPPER RIVERDALE RD SE","RIVERDALE","GA","30274","CLAYTON","7704724566"
"YOO PHARMACY DULUTH","3610 PEACHTREE INDUSTRIAL BLVD","DULUTH","GA","30096","GWINNETT","7702991971"
"GATEWAY PHARMACY","921 E FM 1187 STE A","CROWLEY","TX","76036","TARRANT","8172972000"
"SAM'S CLUB PHARMACY","1740 NORTH FM 157","MANSFIELD","TX","76063","TARRANT","8177796061"
"RIGG FAMILYCARE PHARMACY","37 W MAIN ST","ALBION","IL","62806","EDWARDS","6184452581"
"HARBIN DISCOUNT PHARMACY","57 CHURCH ST","BIRMINGHAM","AL","35213","JEFFERSON","2058712196"
"BROOKLYN CHEMISTS","2927 AVENUE S","BROOKLYN","NY","11229","KINGS","7183823400"
"RITE AID PHARMACY","1285 HOOKSETT RD","HOOKSETT","NH","03106","MERRIMACK","6036684705"
"EAST BAY AIDS CENTER PHARMACY","3100 SUMMIT ST","OAKLAND","CA","94609","ALAMEDA","5108698451"
"BROOKSHIRE PHARMACY","925 CLARKSVILLE ST","PARIS","TX","75460","LAMAR","9037853297"
"SUPREME RX","1611 N FLORIDA AVE","LAKELAND","FL","33805","POLK","8639404733"
"GOLDIN PHARMACY AND MED SUPPLY","909 S ONEIDA ST STE 11","DENVER","CO","80224","DENVER","3033556818"
"ROCHESTER HILLS PHARMACY","6700 N ROCHESTER RD STE 101","ROCHESTER HILLS","MI","48306","OAKLAND","2486011178"
"SCL HLTH PHCY SERVICES-LUTHERN PHCY","8300 W 38TH AVE STE T2-105","WHEAT RIDGE","CO","80033","JEFFERSON","3034036420"
"OPTUM INFUSION SERVICES","12604 HIDDENCREEK WAY STE C","CERRITOS","CA","90703","LOS ANGELES","5622635600"
"CVS PHARMACY","510 TOM HALL ST","FORT MILL","SC","29715","YORK","8035475586"
"BLANCO PHARMACY & WELLNESS","316 PECAN ST","BLANCO","TX","78606","BLANCO","8308334815"
"INTEGRIS PHARMACY","4221 S WESTERN AVE STE 1020","OKLAHOMA CITY","OK","73109","OKLAHOMA","4056367717"
"CATINAT PHARMACY","2619 W EDINGER AVE STE D2","SANTA ANA","CA","92704","ORANGE","7145575140"
"CVS PHARMACY","2100 W STADIUM BLVD","ANN ARBOR","MI","48103","WASHTENAW","7347477554"
"SAM'S CLUB PHARMACY","7001 PARK BLVD N","PINELLAS PARK","FL","33781","PINELLAS","7275476411"
"OCEAN HEALTH INITIATIVES INC","686 ROUTE 70","LAKEHURST","NJ","08733","OCEAN","7323636655"
"HARVARD VANGUARD MED ASSOC","40 HOLLAND ST","SOMERVILLE","MA","02144","MIDDLESEX","6176296200"
"PILL BOX PINES WEST","17503 PINES BLVD","PEMBROKE PINES","FL","33029","BROWARD","9544437455"
"RITE AID PHARMACY","1889 S LINCOLN AVE","VINELAND","NJ","08361","CUMBERLAND","8566960111"
"CVS PHARMACY","1013 WOODBRIDGE CENTER WAY","EDGEWOOD","MD","21040","HARFORD","4106766100"
"COUNTRY CARE PHARMACY","1504 N BUS 49 HWY","NEOSHO","MO","64850","NEWTON","4174519301"
"REFUAH HEALTH CENTER","36 LAUREL AVE","SOUTH FALLSBURG","NY","12779","SULLIVAN","8454829395"
"RUSH COUNTY PHARMACY","708 MAIN ST","LA CROSSE","KS","67548","RUSH","7852229091"
"AMERICAN HOPE PHARMACY","9171 LAPEER RD STE 100","DAVISON","MI","48423","GENESEE","8106526416"
"CVS PHARMACY","2901 5TH AVE","HUNTINGTON","WV","25702","CABELL","3046970366"
"CVS PHARMACY","3870 WASHINGTON RD","MCMURRAY","PA","15317","WASHINGTON","7249417680"
"WILLIAMS BROS HEALTH CARE PHCY","574 S LANDMARK AVE","BLOOMINGTON","IN","47403","MONROE","8123350000"
"US COMPOUNDING INC","1270 DON'S LANE","CONWAY","AR","72032","FAULKNER","5013271222"
"ADLERS OAK PARK PHARMACY","67 MONMOUTH RD","OAKHURST","NJ","07755","MONMOUTH","7322294200"
"AU MEDICAL CTR EMPLOYEE PHCY","1120 15TH ST","AUGUSTA","GA","30912","RICHMOND","7067230900"
"THE PODIATRY CENTER","8218 WISCONSIN AVE STE P14","BETHESDA","MD","20814","MONTGOMERY","3013072367"
"CARDINAL PHARMACY L.L.C.","821 N MAIN ST","HOISINGTON","KS","67544","BARTON","6206532200"
"FAIRMONT PHARMACY","1121 W VINE ST STE 13","LODI","CA","95240","SAN JOAQUIN","2096258633"
"CVS PHARMACY","251 E BROADWAY ST","NEW LEXINGTON","OH","43764","PERRY","7403424137"
"CVS PHARMACY","2750 CARL T JONES DR SE STE 7","HUNTSVILLE","AL","35802","MADISON","2568836295"
"SAFEWAY PHARMACY","4215 CHESHIRE STATION PLZ","DALE CITY","VA","22193","PRINCE WILLIAM","7035908021"
"WALGREENS","13510 Q ST","OMAHA","NE","68137","DOUGLAS","4028951619"
"GIBSON HEALTH MART","125 N MAIN ST","WAKEENEY","KS","67672","TREGO","7857435753"
"MOSS DRUGS","701 W FRANKLIN BLVD","GASTONIA","NC","28052","GASTON","7048679611"
"OHSU RICHMOND CLINIC PHARMACY","3930 SE DIVISION ST","PORTLAND","OR","97202","MULTNOMAH","5034183250"
"THERA SCRIPT ROCHESTER","455 BARCLAY CIR #C-2","ROCHESTER HILLS","MI","48307","OAKLAND","2482891376"
"PUBLIX PHARMACY","5581 THOMASTON ROAD","MACON","GA","31220","BIBB","4785833672"
"B H PHARMACY","602 E NORTH AVE","CAROL STREAM","IL","60188","DUPAGE","6302306588"
"PUBLIX PHARMACY","450 STATE ROAD 13 STE 109","SAINT JOHNS","FL","32259","SAINT JOHNS","9042303207"
"CORDOVA COMM MED CTR PHARMACY","602 CHASE AVE","CORDOVA","AK","99574","VALDEZ CORDOVA","9074248017"
"BROWNS PHARMACY LLC","225 MAIN ST","UNADILLA","NY","13849","OTSEGO","6073692131"
"CVS PHARMACY","4915 S REGAL ST","SPOKANE","WA","99223","SPOKANE","5098223275"
"CVS PHARMACY","10881 OLSON DR","RANCHO CORDOVA","CA","95670","SACRAMENTO","9165032513"
"TOTAL COMMUNITY PHARM","8623 N TELEGRAPH RD STE 2","DEARBORN HEIGHTS","MI","48127","WAYNE","3132774546"
"AVERA ON LOUISE PHARMACY","6100 S LOUISE AVE STE 1100","SIOUX FALLS","SD","57108","LINCOLN","6055041351"
"ADKINS PHARMACY","81 STATE ROUTE 80","GILBERT","WV","25621","MINGO","3046648883"
"UPSTATE PHARMACY OCONEE","298 MEMORIAL DR","SENECA","SC","29672","OCONEE","8648857338"
"CVS PHARMACY","8223 STATE HIGHWAY 151","SAN ANTONIO","TX","78245","BEXAR","2102470017"
"CVS PHARMACY","1154 S CLARK ST","CHICAGO","IL","60605","COOK","3122126301"
"ROSAUERS PHARMACY","1808 W 3RD AVE","SPOKANE","WA","99201","SPOKANE","5096240126"
"SPARROW PHARMACY PLUS","2909 E. GRAND RIVER AVE #101","LANSING","MI","48912","INGHAM","5173648640"
"PUBLIX PHARMACY","788 SE BECKER RD","PORT SAINT LUCIE","FL","34984","SAINT LUCIE","7723365186"
"GRACE HEALTH PHCY MOUNTAIN VIEW","272 LONDON MT VIEW DR STE 2","LONDON","KY","40741","LAUREL","6068772850"
"MEDPOINTE PHARMACY","16546 E 9 MILE RD","EASTPOINTE","MI","48021","MACOMB","5865332835"
"PORT MORRIS PHARMACY","800 E 138TH ST","BRONX","NY","10454","BRONX","7186656337"
"MAXI CARE PHARMACY INC","1645 BEDFORD AVE","BROOKLYN","NY","11225","KINGS","7187740600"
"ADVANCE CARE PHARMACY PC","24822 JOHN R RD","HAZEL PARK","MI","48030","OAKLAND","2485455515"
"CVS PHARMACY","10101 W FLAGLER ST","MIAMI","FL","33174","MIAMI-DADE","3058942939"
"CVS PHARMACY","1600 CALIFORNIA ST UNIT 14","DENVER","CO","80202","DENVER","7209046990"
"PUBLIX PHARMACY","9595 COMMERCIAL WAY","WEEKI WACHEE","FL","34613","HERNANDO","3525965190"
"PUBLIX PHARMACY","365 HUNTLEY PKWY","PELHAM","AL","35124","SHELBY","2056200691"
"CROSS PLAINS PHARMACY","1840 MAIN ST","CROSS PLAINS","WI","53528","DANE","6087983031"
"THE PRESCRIPTION SHOPPE","139 N LAWLER ST","POSTVILLE","IA","52162","ALLAMAKEE","5638633666"
"FARMACIA EL PASEO","31 PROLONGACION CALLE 25","YAUCO","PR","00698","YAUCO","7878561175"
"PRICE CHOPPER PHARMACY","660 E MAIN ST","GARDNER","KS","66030","JOHNSON","9138562425"
"CVS PHARMACY","28138 N TATUM BLVD","CAVE CREEK","AZ","85331","MARICOPA","4805856097"
"SMITH'S PHARMACY","4700 W ANN RD","N LAS VEGAS","NV","89031","CLARK","7023957510"
"CVS PHARMACY","3445 UNION RD","FRANKLIN","OH","45005","WARREN","5137270927"
"CVS PHARMACY","509 DAVIS ST","SCRANTON","PA","18505","LACKAWANNA","5703413790"
"CVS PHARMACY","11521 SR 70 EAST","BRADENTON","FL","34202","MANATEE","9412426876"
"FOOD CITY PHARMACY","4307 N ROAN ST","JOHNSON CITY","TN","37615","WASHINGTON","4239520088"
"COSTCO PHARMACY","13550 PAXTON ST","PACOIMA","CA","91331","LOS ANGELES","8182722709"
"CVS PHARMACY","1457 8TH AVE","BETHLEHEM","PA","18018","LEHIGH","6108610152"
"HY-VEE PHARMACY","1725 JORDAN CREEK PKWY","WEST DES MOINES","IA","50266","DALLAS","5152268921"
"CVS PHARMACY","3011 N MAIN ST","LAS CRUCES","NM","88001","DONA ANA","5756478878"
"CVS PHARMACY","4225 HOBSON RD","FORT WAYNE","IN","46815","ALLEN","2604227510"
"CVS PHARMACY","491 E ALESSANDRO BLVD","RIVERSIDE","CA","92508","RIVERSIDE","9517801835"
"CVS PHARMACY","7216 CIRCLE AVE","FOREST PARK","IL","60130","COOK","7083664400"
"CVS PHARMACY","7400 49TH ST N","PINELLAS PARK","FL","33781","PINELLAS","7275441491"
"CVS PHARMACY","2002 SHILOH CHURCH RD","DAVIDSON","NC","28036","CABARRUS","7044393460"
"AHF PHARMACY","770 GREISON TRL STE H","NEWNAN","GA","30263","COWETA","6784235250"
"CVS PHARMACY","64 S LOCUST ST","HAZLETON","PA","18201","LUZERNE","5704545521"
"CVS PHARMACY","3200 TEASLEY LN","DENTON","TX","76210","DENTON","9403821810"
"COSTCO PHARMACY","4500 W SHAW AVE","FRESNO","CA","93722","FRESNO","5592762595"
"CVS PHARMACY","631 WASHINGTON ST","BOSTON","MA","02111","SUFFOLK","6173380128"
"CVS PHARMACY","427 E MAIN ST","WESTFIELD","MA","01085","HAMPDEN","4135625181"
"CVS PHARMACY","2536 US HIGHWAY 92 E","LAKELAND","FL","33801","POLK","8636653171"
"CVS PHARMACY","13821 LEO RD","LEO-CEDARVILLE","IN","46765","ALLEN","2606278616"
"CVS PHARMACY","731 S WEIR CANYON RD","ANAHEIM HILLS","CA","92808","ORANGE","7142828095"
"STOP & SHOP PHARMACY","2650 SUNRISE HWY","EAST ISLIP","NY","11730","SUFFOLK","6318595120"
"SUPER FARMACIA RINA","MC ARTHUR 1 ESQ DERKES","GUAYAMA","PR","00784","GUAYAMA","7878643069"
"TURTLE LAKE REXALL DRUG","218 MAIN ST","TURTLE LAKE","ND","58575","MCLEAN","7014482542"
"BIG Y PHARMACY","433 CENTER STREET STE 3","LUDLOW","MA","01056","HAMPDEN","4135837910"
"CLARENCE WESLEY HLTH CTR PHCY","101 MEDICAL DR","BYLAS","AZ","85530","GRAHAM","9284757142"
"JAY'S CITY PHARMACY","214 E CALVERT AVE","KARNES CITY","TX","78118","KARNES","8307802224"
"SAULT COMMUNITY PHARMACY","560 OSBORN BLVD STE B","SAULT SAINTE MARIE","MI","49783","CHIPPEWA","9066322122"
"CHARLES RIVER COMMUNITY HEALTH","495 WESTERN AVE","BRIGHTON","MA","02135","SUFFOLK","6172081656"
"HERITAGE PHARMACY","275 N EL CIELO RD D405","PALM SPRINGS","CA","92262","RIVERSIDE","7604167999"
"CVS PHARMACY","47200 W 10 MILE RD","NOVI","MI","48374","OAKLAND","2483807840"
"JONES PHARMACY","101 LEXINGTON PLAZA","LEXINGTON","TN","38351","HENDERSON","7319688653"
"PRAIRIE PARKWAY PHARMACY","5100 PRAIRIE PKWY STE 106","CEDAR FALLS","IA","50613","BLACK HAWK","3192222906"
"BARONS PHARMACY","1120 E 34TH ST","HIBBING","MN","55746","SAINT LOUIS","2182637455"
"HEALTH FIRST PHARMACY","855 WORCESTER RD UNIT 5","FRAMINGHAM","MA","01701","MIDDLESEX","5082711500"
"BAYLOR SCOTT AND WHITE PHCY","4945 WILLIAMS DR","GEORGETOWN","TX","78633","WILLIAMSON","5129423302"
"DOWNTOWN DRUG INC.","825 GRAND AVE","GLENWOOD SPRINGS","CO","81601","GARFIELD","9709457987"
"COKER-HAMPTON DRUG","218 S MAIN ST","STUTTGART","AR","72160","ARKANSAS","8706732691"
"CORLEY'S PHARMACY","1004 SNAPPS FERRY RD","GREENEVILLE","TN","37745","GREENE","4236387552"
"278 PHARMACY","27 E BROADWAY FL 1","NEW YORK","NY","10002","NEW YORK","2122277666"
"SHELTON PHARMACY","37177 US HIGHWAY 231 STE 4","ASHVILLE","AL","35953","SAINT CLAIR","2055943160"
"RIGHT CARE PHARMACY","1043 LIBERTY AVE","BROOKLYN","NY","11208","KINGS","3476279114"
"CVS PHARMACY","1800 E RIO SALADO PKWY STE 120","TEMPE","AZ","85281","MARICOPA","4802142668"
"CVS PHARMACY","1925 MARKETPLACE DR SE","CALEDONIA","MI","49316","KENT","6166981186"
"CVS PHARMACY","6143 U S HIGHWAY 98 STE 80","HATTIESBURG","MS","39402","LAMAR","6012969245"
"BOKJEE PHARMACY","903 S CRENSHAW BLVD 102B","LOS ANGELES","CA","90019","LOS ANGELES","3239320202"
"LONG BEACH CHEMISTS","170 W PARK AVE","LONG BEACH","NY","11561","NASSAU","5164310611"
"SALISBURY PHCY & GENERAL STORE","20 MAIN STREET","SALISBURY","CT","06068","LITCHFIELD","8604359388"
"CALIFORNIA PHARMACY","14541 BROOKHURST ST STE C5","WESTMINSTER","CA","92683","ORANGE","7147752000"
"THE APOTHECARY, INC","227 W BROAD AVE","DOERUN","GA","31744","COLQUITT","2297825500"
"PHARMACA INTEGRATIVE PHARMACY","2700 BROADWAY ST","BOULDER","CO","80304","BOULDER","3034421972"
"PEACE PHARMACY","300 SOUTH BUFFALO STREET","CANTON","TX","75103","VAN ZANDT","9035674129"
"CVS PHARMACY","7989 US HIGHWAY 64","MEMPHIS","TN","38133","SHELBY","9013840263"
"TOUCHPOINT RX LLC","3208 2ND AVE N BAY 4","PALM SPRINGS","FL","33461","PALM BEACH","5616519393"
"EMINENCE  APOTHECARY","5551 S MAIN ST","EMINENCE","KY","40019","HENRY","5025189120"
"ADDISON DISCOUNT PHARMACY","30910 HIGHWAY 278","ADDISON","AL","35540","WINSTON","2567476342"
"PUBLIX PHARMACY","6790 FOREST HILL BLVD","GREENACRES","FL","33413","PALM BEACH","5613044983"
"PUBLIX PHARMACY","4701 PARK BLVD","PINELLAS PARK","FL","33781","PINELLAS","7275464890"
"CVS PHARMACY","6100 GREENBELT RD","GREENBELT","MD","20770","PRINCE GEORGES","3018370055"
"RUBIN CHEMISTS","828 NOSTRAND AVE","BROOKLYN","NY","11216","KINGS","7184938833"
"FALCON PHARMACY","795 CUMMINGS ST","ABINGDON","VA","24211","WASHINGTON","2762585251"
"ALLEGAN MEDICAL CENTER PHARMACY","551 LINN ST STE 120","ALLEGAN","MI","49010","ALLEGAN","2696734700"
"CARE PHARMACY","4727 REVERE AVE","BATON ROUGE","LA","70808","EAST BATON ROUGE","2259350003"
"CVS PHARMACY","24500 ALICIA PKWY","MISSION VIEJO","CA","92691","ORANGE","9495831278"
"PUBLIX PHARMACY","2633 N DIXIE HWY","WILTON MANORS","FL","33334","BROWARD","9545614337"
"CRESCENT APOTHECARY","2501 DITMARS BLVD","ASTORIA","NY","11105","QUEENS","7187771110"
"WELLSPAN PHARMACY","40 V TWIN DR","GETTYSBURG","PA","17325","ADAMS","7173392600"
"MEDICINE CABINET PHARMACY","50 LINCOLN ST","KERMIT","WV","25674","MINGO","3043933386"
"ESSENTIA HEALTH SUPERIOR PHARMACY","3500 TOWER AVE STE A","SUPERIOR","WI","54880","DOUGLAS","7158177880"
"LILLIAN PHARMACY","34023 US HIGHWAY 98","LILLIAN","AL","36549","BALDWIN","2519623777"
"CVS PHARMACY","8151 MARTIN LUTHER KING ST N","SAINT PETERSBURG","FL","33702","PINELLAS","7275763826"
"SANFORD PHARMACY THIEF RIVER FALLS","3001 SANFORD PKWY","THIEF RVR FLS","MN","56701","PENNINGTON","2186832725"
"AIRVILLE PHARMACY","1785 AIRPORT RD STE A","GALLATIN","TN","37066","SUMNER","6156755507"
"TAVARES PHARMACY","524 S DUNCAN DR","TAVARES","FL","32778","LAKE","3525086449"
"FAMILY FARE PHARMACY","1185 S WASHINGTON AVE","HOLLAND","MI","49423","ALLEGAN","6163927504"
"YORK DRUG MART","135 NORTH DUKE STREET SUITE 1","YORK","PA","17401","YORK","7173562650"
"RELYON SPECIALTY PHARMACY","2727 E OAKLAND PARK BLVD #100","FORT LAUDERDALE","FL","33306","BROWARD","9549904317"
"PUBLIX PHARMACY","2770 W BAY DR","BELLEAIR BLUFFS","FL","33770","PINELLAS","7275860240"
"GENERATION PHARMACY LLC","31-33 OLIVER ST STORE #3","NEW YORK","NY","10038","NEW YORK","2122279129"
"LIVE OAK PHARMACY","34730 LA HIGHWAY 16","DENHAM SPRINGS","LA","70706","LIVINGSTON","2256647125"
"STOP & SHOP PHARMACY","24 RT 6A","ORLEANS","MA","02653","BARNSTABLE","5082553851"
"BOWERS PRESCRIPTION SHOP","121 E TEXAS BLVD","DALHART","TX","79022","HARTLEY","8062494344"
"NAHS PHARMACY","12000 WILCREST DR STE # 206","HOUSTON","TX","77031","HARRIS","2814985700"
"CVS PHARMACY","11160 SOUTH LAKES DR","RESTON","VA","20191","FAIRFAX","7036206585"
"CVS PHARMACY","6202 COMMERCE PALMS DR","TAMPA","FL","33647","HILLSBOROUGH","8139712459"
"CVS PHARMACY","50 SW CUTOFF","WORCESTER","MA","01604","WORCESTER","5087931903"
"CVS PHARMACY","3905 WEKIVA SPRINGS RD","LONGWOOD","FL","32779","SEMINOLE","4078628086"
"CVS PHARMACY","1540 E MAIN ST","ALLEN","TX","75002","COLLIN","2143839765"
"CVS PHARMACY","45 PEARL ST","METUCHEN","NJ","08840","MIDDLESEX","7325160089"
"CVS PHARMACY","327 E JACKSON ST","MACOMB","IL","61455","MCDONOUGH","3098331750"
"NAVARRO DISCOUNT PHARMACY","631 71ST ST","MIAMI BEACH","FL","33141","MIAMI-DADE","3058650075"
"CVS PHARMACY","520 S FEDERAL HWY","BOCA RATON","FL","33432","PALM BEACH","5613623240"
"CVS PHARMACY","1357 LAKEWOOD RD","TOMS RIVER","NJ","08755","OCEAN","7322442376"
"CVS PHARMACY","7402 W FAIRVIEW AVE","BOISE","ID","83704","ADA","2083754670"
"COSTCO PHARMACY","2746 N CLYBOURN AVE","CHICAGO","IL","60614","COOK","7733602052"
"CVS PHARMACY","10650 N ORACLE RD","ORO VALLEY","AZ","85737","PIMA","5205445544"
"CVS PHARMACY","610 W MARKLAND AVE","KOKOMO","IN","46901","HOWARD","7654574407"
"CVS PHARMACY","2920 ROUTE 73 N STE 1","MAPLE SHADE","NJ","08052","BURLINGTON","8566672811"
"CVS PHARMACY","177 W VIRGINIA ST","CRYSTAL LAKE","IL","60014","MCHENRY","8154444603"
"CVS PHARMACY","1714 CENTER AVE W","DILWORTH","MN","56529","CLAY","2182875147"
"CVS PHARMACY","1003 E DEVONSHIRE AVE","HEMET","CA","92543","RIVERSIDE","9516582348"
"COSTCO PHARMACY","2440 DANIELS ST","MANTECA","CA","95337","SAN JOAQUIN","2098258209"
"CITY DRUG","116 E DUKE ST","HUGO","OK","74743","CHOCTAW","5803263301"
"CVS PHARMACY","1331 YOUNGSTOWN WARREN RD","NILES","OH","44446","TRUMBULL","3305052601"
"CVS PHARMACY","101 S MAIN ST","OLD FORGE","PA","18518","LACKAWANNA","5704572182"
"CVS PHARMACY","39820 HICKMAN PLAZA RD","BETHANY BEACH","DE","19930","SUSSEX","3025393548"
"CVS PHARMACY","1021 NECK RD","BURLINGTON TOWNSHIP","NJ","08016","BURLINGTON","6093865710"
"CVS PHARMACY","861 VINE ST","HOLLYWOOD","CA","90038","LOS ANGELES","3234667300"
"HANNAFORD FOOD & DRUG","389 TENNEY MOUNTAIN HWY","PLYMOUTH","NH","03264","GRAFTON","6035363233"
"CVS PHARMACY","1445 GUNTER AVE","GUNTERSVILLE","AL","35976","MARSHALL","2565050803"
"FARMACIA BELMONT","2212 W BELMONT AVE","CHICAGO","IL","60618","COOK","7738805544"
"ST JOSEPHS MCAULEY PHARMACY","500 W THOMAS RD STE 190","PHOENIX","AZ","85013","MARICOPA","6024063970"
"LITTLE DRUG COMPANY","412 CANAL ST","NEW SMYRNA BEACH","FL","32168","VOLUSIA","3864289041"
"FARMACIA LECHUGA","RD 130 BO NARANJITO","HATILLO","PR","00659","HATILLO","7878985730"
"NOBLE PHARMACY","321 E ALAMEDA AVE STE L","BURBANK","CA","91502","LOS ANGELES","8185636655"
"PAY-LESS PHARMACY EXPRESS","1517 MOULTON ST W","DECATUR","AL","35601","MORGAN","2563551815"
"HANNAFORD FOOD & DRUG","78 MARSHALL AVE","WILLISTON","VT","05495","CHITTENDEN","8028780388"
"GOOD LIVING PHARMACY","1201 N JIM DAY RD STE B","SALEM","IN","47167","WASHINGTON","8124044153"
"SAM'S CLUB PHARMACY","3900 DEERFIELD DR","JANESVILLE","WI","53546","ROCK","6087412391"
"JANUS RX","836 E 65TH ST STE 42","SAVANNAH","GA","31405","CHATHAM","9123550549"
"BIG Y PHARMACY","999 PROVIDENCE HWY","WALPOLE","MA","02081","NORFOLK","5086609713"
"ATLANTIC PROFESSIONAL PHARMACY","1045 ATLANTIC AVE STE 102","LONG BEACH","CA","90813","LOS ANGELES","5624919799"
"DELAVAN EASY CARE PHARMACY","402 PINE ST","DELAVAN","IL","61734","TAZEWELL","3092447115"
"RTCARE LLC","14202 LAKESIDE BLVD N SUITE A","SHELBY TOWNSHIP","MI","48315","MACOMB","5865667680"
"RITE AID PHARMACY","180 GLENEIDA AVE","CARMEL","NY","10512","PUTNAM","8452254134"
"COLLINWOOD DRUGS","313 HIGHWAY 13 S","COLLINWOOD","TN","38450","WAYNE","9317249197"
"PROVINCETOWN OUTER CAPE PHCY","49 HARRY KEMP WAY","PROVINCETOWN","MA","02657","BARNSTABLE","7745383333"
"ADVANT EDGE PHARMACY INC","1576 LOMALAND DR","EL PASO","TX","79935","EL PASO","9155950409"
"BELL'S DRUGS STORE","7107 STATE ROUTE 56 E","SEBREE","KY","42455","WEBSTER","2708357544"
"CVS PHARMACY","3310 E JACKSON ST","MUNCIE","IN","47303","DELAWARE","7652860933"
"WHEELER & STUCKEY RX PHARMACY","1211 N SHARTEL AVE","OKLAHOMA CITY","OK","73103","OKLAHOMA","4052320241"
"BOCA PHARMACY","864 E TREMONT AVE STE B","BRONX","NY","10460","BRONX","7189913532"
"RYAN PHARMACY","23421 RYAN RD","WARREN","MI","48091","MACOMB","5867550040"
"H & G HOME MEDICAL","112 NE WASHINGTON BLVD","BARTLESVILLE","OK","74006","WASHINGTON","9183334848"
"GOODRICH PHARMACY","23122 SAINT FRANCIS BLVD NW","SAINT FRANCIS","MN","55070","ANOKA","7637530222"
"OLYMPIA PHARMACY","6802 S OLYMPIA AVE STE 125","TULSA","OK","74132","TULSA","9185133234"
"PHARMACY OF THE WOODS","28200 ST HWY 189 #N-150","LAKE ARROWHEAD","CA","92352","SAN BERNARDINO","9093363999"
"JW PHARMACY LLC","14102 NORTHERN BLVD","FLUSHING","NY","11354","QUEENS","7187623784"
"YUNGEBERG DRUG","17 PUBLIC SQ","BLUE RAPIDS","KS","66411","MARSHALL","7853637444"
"ARH FAMILY HEALTH PHARMACY","1084 HIGHWAY 7 STE 3","WEST LIBERTY","KY","41472","MORGAN","6067437842"
"WALGREENS","3151 DAUPHIN ST","MOBILE","AL","36606","MOBILE","2512879581"
"WALGREENS","2920 CARTER HILL RD","MONTGOMERY","AL","36106","MONTGOMERY","3342621169"
"WALGREENS","925 WOODVILLE RD","TOLEDO","OH","43605","LUCAS","4196934086"
"WALGREENS","2800 NE 8TH ST","HOMESTEAD","FL","33033","MIAMI-DADE","3052470114"
"WALGREENS","2200 UNSER BLVD NW","ALBUQUERQUE","NM","87120","BERNALILLO","5052179940"
"WALGREENS","100 E SIOUX AVE","PIERRE","SD","57501","HUGHES","6052244962"
"WATTSVILLE DRUGS","24 SIRRINE ST","LAURENS","SC","29360","LAURENS","8649843579"
"WALGREENS","1421 GULF SHORES PKWY","GULF SHORES","AL","36542","BALDWIN","2519685946"
"WALGREENS","1704 W HILLSBOROUGH AVE","TAMPA","FL","33603","HILLSBOROUGH","8138726733"
"WALGREENS","2200 E PIONEER PKWY","ARLINGTON","TX","76010","TARRANT","8178609510"
"SAFEWAY PHARMACY","29834 N CAVE CREEK RD","CAVE CREEK","AZ","85331","MARICOPA","4805639395"
"MIDLAND DRUG INC","4900 KELLEY HWY","FORT SMITH","AR","72904","SEBASTIAN","4797830221"
"WALGREENS","5984 AVE ISLA VERDE","CAROLINA","PR","00979","CAROLINA","7879820390"
"WALGREENS","305 AVE SAN JOSE E","AIBONITO","PR","00705","AIBONITO","7879917355"
"WALGREENS","7398 OSWEGO RD","LIVERPOOL","NY","13090","ONONDAGA","3154513218"
"WALGREENS","300 E NEW YORK AVE","DELAND","FL","32724","VOLUSIA","3869434011"
"APEX PHARMACY","904 W WILLIAMS ST","APEX","NC","27502","WAKE","9196297332"
"BALDWIN WOODS PHARMACY","607 JEFFERSON ST","WHITEVILLE","NC","28472","COLUMBUS","9106428141"
"FAMILY PHARMACY","2124 FAYETTEVILLE RD STE E","ROCKINGHAM","NC","28379","RICHMOND","9108957775"
"WALGREENS","4200 MCFARLAND BLVD E","TUSCALOOSA","AL","35405","TUSCALOOSA","2057591103"
"WINN DIXIE PHARMACY","4849 GOLDEN GATE PKWY","NAPLES","FL","34116","COLLIER","2393526159"
"WALGREENS","2400 LITTLE ROCK RD","CHARLOTTE","NC","28214","MECKLENBURG","7043946546"
"WALGREENS","750 E MAIN ST","GARDNER","KS","66030","JOHNSON","9138847912"
"WALGREENS","2703 US HIGHWAY 130","NORTH BRUNSWICK","NJ","08902","MIDDLESEX","7328211293"
"JAMES PHARMACY","1119 LIGHT ST","BALTIMORE","MD","21230","BALTIMORE CITY","4107525810"
"SAFEWAY PHARMACY","3970 N STOCKTON HILL RD","KINGMAN","AZ","86409","MOHAVE","9286814903"
"WALGREENS","137 NORTH ST","HOULTON","ME","04730","AROOSTOOK","2075326876"
"WALGREENS","101 N BUSINESS HWY 60","MANSFIELD","MO","65704","WRIGHT","4179248877"
"WALGREENS","5173 W TAFT RD","NORTH SYRACUSE","NY","13212","ONONDAGA","3154580312"
"WALGREENS","424 N BRIGHTLEAF BLVD","SMITHFIELD","NC","27577","JOHNSTON","9199894058"
"MOORES PHARMACY","1311 EDWIN MILLER BLVD","MARTINSBURG","WV","25404","BERKELEY","3042640300"
"ANNANDALE PHARMACY","7006 LITTLE RIVER TPKE STE B","ANNANDALE","VA","22003","FAIRFAX","7039928806"
"WALGREENS","6003 14TH ST W","BRADENTON","FL","34207","MANATEE","9417558526"
"WALGREENS","10501 E COLFAX AVE","AURORA","CO","80010","ADAMS","3033433336"
"WALGREENS","1311 E DRAPER PKWY","DRAPER","UT","84020","SALT LAKE","8015710378"
"WALGREENS","3701 W GATE CITY BLVD","GREENSBORO","NC","27407","GUILFORD","3363158672"
"WALGREENS","2750 PINOLE VALLEY RD","PINOLE","CA","94564","CONTRA COSTA","5102229422"
"WALGREENS","6011 DEXTER ST","COMMERCE CITY","CO","80022","ADAMS","7202140199"
"FRED MEYER PHARMACY","705 BLUE LAKES BLVD","TWIN FALLS","ID","83301","TWIN FALLS","2087365373"
"WALGREENS","325 BLUEMONT AVE","MANHATTAN","KS","66502","RILEY","7857769787"
"WALGREENS","12110 LEBANON RD","SHARONVILLE","OH","45241","HAMILTON","5137698188"
"WALGREENS","5913 CARSON ST","LAKEWOOD","CA","90713","LOS ANGELES","5624299120"
"WALGREENS","1800 BAYTREE RD","VALDOSTA","GA","31602","LOWNDES","2292424939"
"WALGREENS","392 PLANDOME RD # 410","MANHASSET","NY","11030","NASSAU","5168698292"
"WALGREENS","19266 SOLEDAD CANYON RD","SANTA CLARITA","CA","91351","LOS ANGELES","6612519433"
"WALGREENS","1180 FRENCH RD","CHEEKTOWAGA","NY","14227","ERIE","7166560173"
"WALGREENS","101 N CENTER AVE","MERRILL","WI","54452","LINCOLN","7155390218"
"WALGREENS","5657 BALTIMORE NATIONAL PIKE","CATONSVILLE","MD","21228","BALTIMORE","4107881207"
"WALGREENS","3301 GLENVIEW RD","GLENVIEW","IL","60025","COOK","8477240759"
"WALGREENS","440 BLOWING ROCK BLVD","LENOIR","NC","28645","CALDWELL","8289910277"
"COMMUNITY, A WALGREENS PHCY","398 BELMONT ST STE A","WORCESTER","MA","01604","WORCESTER","5087130149"
"WALGREENS","G4010 FENTON RD","FLINT","MI","48507","GENESEE","8104240224"
"WALGREENS","875 DR MLK JR ST N","ST PETERSBURG","FL","33701","PINELLAS","7278213369"
"CVS PHARMACY","2007 BROOKPARK RD","CLEVELAND","OH","44109","CUYAHOGA","2163512944"
"CVS PHARMACY","5431 HIGHWAY 136","TRENTON","GA","30752","DADE","7066578011"
"SUPER SAVER PHARMACY","1207 E VINE ST STE B","KISSIMMEE","FL","34744","OSCEOLA","4073431230"
"DON PEELER PHARMACY","127 E NORTH ST","MADISONVILLE","KY","42431","HOPKINS","2708215440"
"CVS PHARMACY","442 S HIGHWAY 27","STANLEY","NC","28164","GASTON","7042631416"
"SAM'S CLUB PHARMACY","196 THF BLVD","CHESTERFIELD","MO","63005","SAINT LOUIS","6367280372"
"SAM'S CLUB PHARMACY","4850 ENCORE BLVD","MOUNT PLEASANT","MI","48858","ISABELLA","9897735814"
"CASHIERS VALLEY PHARMACY","52 CASHIERS SHOPPING CTR","CASHIERS","NC","28717","JACKSON","8287433114"
"ROBERTSON CENTER PHARMACY","250 N ROBERTSON BLVD #107","BEVERLY HILLS","CA","90211","LOS ANGELES","3102782948"
"GREEN PHARMACY","133 DREISER LOOP","BRONX","NY","10475","BRONX","7185135889"
"BOONE MEMORIAL HOSPITAL OPT","697 MADISON AVE","MADISON","WV","25130","BOONE","3043698821"
"WALMART PHARMACY","373 BENNER PIKE","STATE COLLEGE","PA","16801","CENTRE","8142359402"
"WALMART PHARMACY","350 E FAIRMOUNT AVE","LAKEWOOD","NY","14750","CHAUTAUQUA","7167630966"
"GIANT PHARMACY","20944 FREDERICK RD","GERMANTOWN","MD","20876","MONTGOMERY","3015159498"
"WALMART PHARMACY","2050 PASS RD","BILOXI","MS","39531","HARRISON","2282716724"
"WALMART PHARMACY","11210 W AIRPORT BLVD","STAFFORD","TX","77477","FORT BEND","2819335252"
"WALMART PHARMACY","1450 E MAIN ST","CARBONDALE","IL","62901","JACKSON","6185490709"
"WALMART PHARMACY","401 E US HWY 82","SHERMAN","TX","75092","GRAYSON","9038939090"
"WALMART PHARMACY","2401 INDIAN WELLS RD","ALAMOGORDO","NM","88310","OTERO","5758127044"
"WALMART PHARMACY","863 HARVEST LN","WILLISTON","VT","05495","CHITTENDEN","8028785533"
"SAFEWAY PHARMACY","101 AUBURN WAY S","AUBURN","WA","98002","KING","2537354404"
"WALMART PHARMACY","115 WEST FM 544","MURPHY","TX","75094","COLLIN","9725160264"
"RANDALLS PHARMACY","3300 BEE CAVES RD STE 500","WEST LAKE HILLS","TX","78746","TRAVIS","5123297408"
"WALMART PHARMACY","8101 E BRAINERD RD","CHATTANOOGA","TN","37421","HAMILTON","4235081195"
"WALMART PHARMACY","133 ARKANSAS BLVD","TEXARKANA","AR","71854","MILLER","8707727872"
"WALMART PHARMACY","7001 BRIDGEPORT WAY W","LAKEWOOD","WA","98499","PIERCE","2535120960"
"WALMART PHARMACY","920 47TH AVE","GREELEY","CO","80634","WELD","9703538375"
"GIANT PHARMACY","2174 W UNION BLVD","BETHLEHEM","PA","18018","LEHIGH","6106912845"
"WALMART PHARMACY","800 E SOUTHERN AVE","TEMPE","AZ","85282","MARICOPA","4809662791"
"WALMART PHARMACY","25800 HIGHWAY 171","MANY","LA","71449","SABINE","3182566378"
"WALMART PHARMACY","935 STATE HIGHWAY 11 SOUTH","SWEETWATER","TN","37874","MONROE","4233373052"
"WALMART PHARMACY","8840 BENBROOK BLVD","BENBROOK","TX","76126","TARRANT","6822336827"
"WALMART PHARMACY","3791 NW 167TH ST","MIAMI GARDENS","FL","33055","MIAMI-DADE","3059141974"
"WALMART PHARMACY","1875 E MANSFIELD ST","BUCYRUS","OH","44820","CRAWFORD","4195628411"
"WALMART PHARMACY","11145 BRYTON TOWN CENTER DR","HUNTERSVILLE","NC","28078","MECKLENBURG","7049772043"
"WALMART PHARMACY","2701 E MAIN ST","ALICE","TX","78332","JIM WELLS","3616680504"
"WALMART PHARMACY","602 SHEILA DR","WEST HELENA","AR","72390","PHILLIPS","8705726741"
"WALMART PHARMACY","4525 HIGHWAY 411","MADISONVILLE","TN","37354","MONROE","4234426362"
"WALMART PHARMACY","819 BENNIE RD","CORTLAND","NY","13045","CORTLAND","6077561892"
"WALMART PHARMACY","9020 ULMERTON RD","LARGO","FL","33771","PINELLAS","7274315023"
"WALMART PHARMACY","3720 E SUNSHINE ST","SPRINGFIELD","MO","65809","GREENE","4175769359"
"MEDICINE SHOPPE PHARMACY","204 S WASHINGTON ST","DU QUOIN","IL","62832","PERRY","6185422575"
"WALMART PHARMACY","1365 BOSTON POST RD","MILFORD","CT","06460","NEW HAVEN","2033010570"
"SAFEWAY PHARMACY","933 E MISSION AVE","SPOKANE","WA","99202","SPOKANE","5094822089"
"WALMART PHARMACY","3871 W MAIN ST","DOTHAN","AL","36305","HOUSTON","3345476507"
"WALMART PHARMACY","2802 OUTER DR","MARION","IL","62959","WILLIAMSON","6189972021"
"WALMART PHARMACY","1939 S SCOTT RD","SAINT JOHNS","MI","48879","CLINTON","9892248299"
"WALMART PHARMACY","3302 SUMMERHILL RD","TEXARKANA","TX","75503","BOWIE","9037167019"
"WALMART PHARMACY","1266 E VALLEY PKWY","ESCONDIDO","CA","92027","SAN DIEGO","7608716762"
"WALMART PHARMACY","25820 LA HIGHWAY 16","DENHAM SPRINGS","LA","70726","LIVINGSTON","2253696929"
"WALMART PHARMACY","5851 NW 177TH ST","HIALEAH","FL","33015","MIAMI-DADE","3055587490"
"GIANT PHARMACY","1540 COWPATH RD STE 110","HATFIELD","PA","19440","MONTGOMERY","2154129264"
"MEDICINE SHOPPE PHARMACY","760 PAULDING PLZ","DALLAS","GA","30132","PAULDING","7704456422"
"MEDICAP PHARMACY","400 1ST AVE W","NEWTON","IA","50208","JASPER","6417923528"
"WALMART PHARMACY","1861 S SAN JACINTO AVE","SAN JACINTO","CA","92583","RIVERSIDE","9514878409"
"AURORA PHARMACY","414 DOCTORS CT STE 100","OSHKOSH","WI","54901","WINNEBAGO","9203035006"
"WALMART PHARMACY","534 S DUFF AVE","AMES","IA","50010","STORY","5159563547"
"WALMART PHARMACY","6225 COLONY ST","BAKERSFIELD","CA","93307","KERN","6618327997"
"WALMART PHARMACY","5131 GREENBRIAR RD","WICHITA FALLS","TX","76302","WICHITA","9403979662"
"WALMART PHARMACY","1400 FARMINGTON AVE","BRISTOL","CT","06010","HARTFORD","8605851103"
"WALMART PHARMACY","201 WALTON WAY","CEDAR PARK","TX","78613","WILLIAMSON","5125288794"
"WALMART PHARMACY","6005 MADISON AVE","CARMICHAEL","CA","95608","SACRAMENTO","9165341162"
"SEATTLE VAMC PHARMACY","1660 S COLUMBIAN WAY","SEATTLE","WA","98108","KING","2067642401"
"FRED MEYER PHARMACY","19200 SW MARTINAZZI AVE","TUALATIN","OR","97062","WASHINGTON","5036914233"
"WALGREENS","112 ROCKINGHAM ST","BELLOWS FALLS","VT","05101","WINDHAM","8024639910"
"WALGREENS","10 E STREET RD","WEST CHESTER","PA","19382","CHESTER","6103993920"
"WALGREENS","4905 W TROPICANA AVE","LAS VEGAS","NV","89103","CLARK","7028890922"
"WALGREENS","15155 NW US HIGHWAY 441","ALACHUA","FL","32615","ALACHUA","3864183785"
"ADAMS DRUGS PERRY HILL PLACE","1633 PERRY HILL RD","MONTGOMERY","AL","36106","MONTGOMERY","3343868813"
"CVS PHARMACY","23001 COOLIDGE HWY","OAK PARK","MI","48237","OAKLAND","2485478230"
"CAPITOL PHARMACY","2114 SENTER RD STE 26","SAN JOSE","CA","95112","SANTA CLARA","4082981385"
"CVS PHARMACY","300 E GROVER ST","SHELBY","NC","28150","CLEVELAND","7044824429"
"TENNESSEE VALLEY LTC PHCY SVCS","606 E EMORY RD","POWELL","TN","37849","KNOX","8659475235"
"PETROLIA PHARMACY","296 CHURCH STREET","PETROLIA","PA","16050","BUTLER","7247564050"
"LINMAS DRUGS","603 MAIN ST","EMLENTON","PA","16373","VENANGO","7248672400"
"FOOD LION PHARMACY","109 FOOD LION PLZ","SILER CITY","NC","27344","CHATHAM","9197429969"
"KEE-ZAC PHARMACY","111 BEDFORD AVE","BELLMORE","NY","11710","NASSAU","5162214022"
"WEIS PHARMACY","11798 ROUTE 6","WELLSBORO","PA","16901","TIOGA","5707246453"
"BROADMOOR DRUG CENTER","6096 W PARK AVE","HOUMA","LA","70364","TERREBONNE","9858762584"
"SEDAN PHARMACY","129 E MAIN ST","SEDAN","KS","67361","CHAUTAUQUA","6207253262"
"TOPICAL SOLUTIONS PHARMACY","20622 N CAVE CREEK RD STE C121","PHOENIX","AZ","85024","MARICOPA","4803518278"
"POTTER DRUG","214 ABE LINCOLN DR UNIT 2","ATHENS","IL","62613","MENARD","2179527030"
"PROVIDE RX","2208 N LOOP 250 W STE 101","MIDLAND","TX","79707","MIDLAND","4326893355"
"WEIS PHARMACY","5140 SIMPSON FERRY RD","MECHANICSBURG","PA","17050","CUMBERLAND","7176978101"
"RENA'S PHARMACY","2904 S 70TH ST UNIT 3","PHILADELPHIA","PA","19142","PHILADELPHIA","2674574555"
"VAL U MED HEALTH MART","159 BENT AVE","LAS ANIMAS","CO","81054","BENT","7194561691"
"UNITED HLTH SERV HOSPITALS INC","33 MITCHELL AVE STE 108","BINGHAMTON","NY","13903","BROOME","6073525950"
"VOLUNTEER PHARMACY","2559 WILLOW POINT WAY","KNOXVILLE","TN","37931","KNOX","8655600135"
"PRESCRIPTION CORNER DRUG INC","320 W KINGSHIGHWAY","PARAGOULD","AR","72450","GREENE","8702399535"
"STEPP-SAVER PHARMACY","203 N NEWBERGER AVE","BRUCE","MS","38915","CALHOUN","6629834011"
"CVS PHARMACY","801 OAKDALE RD STE F","MODESTO","CA","95355","STANISLAUS","2095259430"
"CLOVERDALE DRUGS","900 N MAIN ST","CLOVERDALE","IN","46120","PUTNAM","7657954100"
"MIDTOWN PHARMACY EXPRESS LLC","500 N MAIN ST","BEAVER DAM","KY","42320","OHIO","2702749224"
"BROOKSVILLE DRUGS","80 PONCE DE LEON BLVD","BROOKSVILLE","FL","34601","HERNANDO","3527964975"
"HEALTHPOINT SEATAC PHARMACY","4040 188TH ST STE 201","SEATAC","WA","98188","KING","2062777216"
"APOTHECARE PHARMACY","2535 S DOWNING ST STE G10","DENVER","CO","80210","DENVER","3037782427"
"WILSON DRUG","118 W 4TH ST","HEARNE","TX","77859","ROBERTSON","9792792173"
"TACKETT COMPOUNDING PHARMACY","3500 FORT WORTH HWY","HUDSON OAKS","TX","76087","PARKER","8174417046"
"MEIJER PHARMACY","2700 US HIGHWAY 34","OSWEGO","IL","60543","KENDALL","6306365010"
"COX PHARMACY","300 2ND AVE SE","CAIRO","GA","39828","GRADY","2293779017"
"AON PHARMACY LLC","12631 WESTLINKS DR STE 1","FORT MYERS","FL","33913","LEE","8338861725"
"UNION PHARMACY AND MEDICAL SUPPLY","6456 W FLAGLER ST","MIAMI","FL","33144","MIAMI-DADE","3052624646"
"FARMACIA CARIDAD","PLAZA LAS VEGAS BO. ALGARROBOS","VEGA BAJA","PR","00693","VEGA BAJA","7878585008"
"COMMUNITY HEALTHCARE PHARMACY","1708 EAST 44TH ST","TACOMA","WA","98404","PIERCE","2532842226"
"MEIJER PHARMACY","3320 W SHORE DR","HOLLAND","MI","49424","OTTAWA","6169941110"
"CRESCO FAMILY PHARMACY","235 8TH AVE W","CRESCO","IA","52136","HOWARD","5635476666"
"GENOA HEALTHCARE LLC","1902 OLDE HOMESTEAD LN","LANCASTER","PA","17601","LANCASTER","7177239910"
"DIERBERGS PHARMACY","222 N HIGHWAY 67","FLORISSANT","MO","63031","SAINT LOUIS","3148310990"
"CVS PHARMACY","728 W SHAW AVE","FRESNO","CA","93704","FRESNO","5592261485"
"HOPEWELL PHARMACY INC","251 E 188 ST","BRONX","NY","10458","BRONX","7187336722"
"PARKER'S CITY PHCY","1005 E COURT ST","SEGUIN","TX","78155","GUADALUPE","8303791450"
"COLLIER DRUG-DICKSON","100 W DICKSON ST","FAYETTEVILLE","AR","72701","WASHINGTON","4794426262"
"MEIJER PHARMACY","49900 GRAND RIVER AVE","WIXOM","MI","48393","OAKLAND","2484498510"
"CONVENIENT CARE PHARMACY","525 BRANSON LNDG BLVD STE 1005","BRANSON","MO","65616","TANEY","4173357700"
"BENZER PHARMACY","2812 W MLK JR BLVD","TAMPA","FL","33607","HILLSBOROUGH","8134434796"
"TOTAL PHARMACY CARE","263 KY RT 122","MARTIN","KY","41649","FLOYD","6069491555"
"RECETAS PHARMACY INC","112 E 183RD ST","BRONX","NY","10453","BRONX","7187339330"
"ARIES PHARMACY","8200 STATE ROUTE 366","RUSSELLS POINT","OH","43348","LOGAN","9378433700"
"HAMILTON COUNTY DRUG","302 E AVE A","SYRACUSE","KS","67878","HAMILTON","6203847424"
"DIERBERGS PHARMACY","450 OLD SMIZER MILL RD","FENTON","MO","63026","SAINT LOUIS","6363492666"
"BUNTE'S PHARMACY","115 E MAIN ST","ZEELAND","MI","49464","OTTAWA","6167724685"
"PARAGON INFUSION CARE","17111 PRESTON RD STE 160B","DALLAS","TX","75248","DALLAS","9725881000"
"NORTH SAGINAW PHARMACY","2918 N SAGINAW ST","FLINT","MI","48505","GENESEE","8102345500"
"MEDICAL ONCOLOGY HEMATOLOGY CONS PC","12700 SOUTHFORK RD STE125","ST LOUIS","MO","63128","SAINT LOUIS","3148426472"
"GENOA HEALTHCARE LLC","525 METRO PL N STE 150","DUBLIN","OH","43017","FRANKLIN","6149434055"
"ST JOSEPH PHARMACY INC","758 MEMORIAL PKWY","PHILLIPSBURG","NJ","08865","WARREN","9084540777"
"PONTCHARTRAIN CANCER CENTER","120 LAKEVIEW CIR","COVINGTON","LA","70433","ST TAMMANY","9858751202"
"PRUDENTIAL PHARMACY INC","777 E WHEATLAND RD STE 100","DUNCANVILLE","TX","75116","DALLAS","9727094500"
"MACEYS PHARMACY","880 N STATE ST","OREM","UT","84057","UTAH","8012254621"
"CORNER DRUG","1001 HICKORY ST","COLORADO CITY","TX","79512","MITCHELL","3257288030"
"RITE AID PHARMACY","225 LIBERTY ST STE 1","NEW YORK","NY","10281","NEW YORK","2126088416"
"MEDCARE QUALITY MEDICAL CENTER","7200 NW 7 ST SUITE 150","MIAMI","FL","33126","MIAMI-DADE","3052662929"
"HUME PHARMACY","10101 TAYLORSVILLE RD","LOUISVILLE","KY","40299","JEFFERSON","5022677453"
"CUREMED PHARMACY","353 CROOKS AVE","CLIFTON","NJ","07011","PASSAIC","8622259432"
"SUSQUEHANNA HEALTH PHARMACY","740 HIGH ST, STE 1001","WILLIAMSPORT","PA","17701","LYCOMING","5703212818"
"CVS PHARMACY","19 S MAIN ST","JAMESTOWN","NY","14701","CHAUTAUQUA","7164880778"
"RAFFERTY-ROBBINS DRUG STORE","108 S MAIN ST","HOWARD","SD","57349","MINER","6057725581"
"CLARKSDALE PHARMACY","425 DESOTO AVE","CLARKSDALE","MS","38614","COAHOMA","6626270100"
"LEEDS PHARMACY","318 W FM 544 STE B3","MURPHY","TX","75094","COLLIN","4692090766"
"SAV-MOR DRUG","490 N 2ND E","MOUNTAIN HOME","ID","83647","ELMORE","2085873346"
"406 CLINIC PHARMACY","1315 WYOMING ST STE A","MISSOULA","MT","59801","MISSOULA","4065448808"
"KIRBY WHITTEN PHARMACY","3090 KIRBY WHITTEN RD","BARTLETT","TN","38134","SHELBY","9014259986"
"CVS PHARMACY","27365 CHERRY HILL RD","INKSTER","MI","48141","WAYNE","3132746240"
"CVS PHARMACY","608 S MAIN ST","HILLSBORO","IL","62049","MONTGOMERY","2175329477"
"OASIS PHARMACY","3201 S AUSTIN AVE STE 110","GEORGETOWN","TX","78626","WILLIAMSON","5127634555"
"JALH OUTPATIENT PHARMACY","1634 ELTON RD","JENNINGS","LA","70546","JEFFERSON DAVIS","3376167371"
"BAIJES BISSONNET PHARMACY INC","9801 BISSONNET ST STE F","HOUSTON","TX","77036","HARRIS","2819743573"
"CMNTY PHCY OF PORT ORANGE","3755 S. NOVA RD UNIT A","PORT ORANGE","FL","32129","VOLUSIA","3862563177"
"CORNER DRUG","1005 W MAIN ST","DURANT","OK","74701","BRYAN","5809244444"
"CVS PHARMACY","501 SPAULDING RD","MONTEZUMA","GA","31063","MACON","4784727533"
"MOUNT ANGEL DRUG","105 N MAIN ST","MOUNT ANGEL","OR","97362","MARION","5038456133"
"SAMS HEALTH MART PHARMACY","300 N CHURCH ST","FAYETTE","MO","65248","HOWARD","6602482275"
"FAMILY PHARMACY","1033 N WATERMAN AVE STE C","SAN BERNARDINO","CA","92410","SAN BERNARDINO","9098842739"
"CVS PHARMACY","103 JESSE JEWELL PKWY SW","GAINESVILLE","GA","30501","HALL","7705363441"
"LARRY'S SMITHFIELD PHARMACY","502 S MAIN ST STE B","SMITHFIELD","UT","84335","CACHE","4355636262"
"RUBEX DRUGS INC","8119 41ST AVE","ELMHURST","NY","11373","QUEENS","7183970776"
"WELLSPRING PHARMACY","4184 PIEDMONT AVE STE C","OAKLAND","CA","94611","ALAMEDA","5104281559"
"CVS PHARMACY","3575 WEST RD","TRENTON","MI","48183","WAYNE","7343620441"
"THRIFTY WHITE PHARMACY","190 RICHLAND SQ","RICHLAND CENTER","WI","53581","RICHLAND","6086478918"
"ST ANTHONY PHARMACY","3860 BROADWAY","NEW YORK","NY","10032","NEW YORK","2129236111"
"KASH & KARRY PHARMACY LLC","101 PETE HOLLIS BLVD","GREENVILLE","SC","29601","GREENVILLE","8642326711"
"BROADWAY PHARMACY","6630 BROADWAY AVE","CLEVELAND","OH","44105","CUYAHOGA","2164652333"
"BUY RITE DRUGS","302 CECIL G COSTIN SR BLVD","PORT SAINT JOE","FL","32456","GULF","8502277099"
"PAULS PHARMACY HAMMOND","18150 HIGHWAY 190 E","HAMMOND","LA","70401","TANGIPAHOA","9853457122"
"PHARMALIFE LTC","2951 PIEDMONT RD NE STE B","ATLANTA","GA","30305","FULTON","4045920585"
"ST PETERS COMMUNITY PHARMACY","4885 MEXICO RD","SAINT PETERS","MO","63376","SAINT CHARLES","6362445385"
"RITE AID PHARMACY","2600 WILLOW STREET PIKE N","WILLOW STREET","PA","17584","LANCASTER","7174641720"
"SAM'S CLUB PHARMACY","849 STONERIDGE PKWY","JEFFERSON CITY","MO","65109","COLE","5734690906"
"LAGRANGE SAV-MOR DRUGS","3103 LAGRANGE ST","TOLEDO","OH","43608","LUCAS","4192418065"
"RITE AID PHARMACY","400 W 2ND ST","BERWICK","PA","18603","COLUMBIA","5707525200"
"AMBER PHARMACY","10004 S 152ND ST STE A","OMAHA","NE","68138","SARPY","4028965000"
"CVS PHARMACY","969 W 5TH ST","MARYSVILLE","OH","43040","UNION","9376443615"
"WEIS PHARMACY","1070 N 9TH ST","STROUDSBURG","PA","18360","MONROE","5704218810"
"CVS PHARMACY","118 E NEW CIRCLE RD","LEXINGTON","KY","40505","FAYETTE","8592541326"
"DIABETIC APOTHECARY LLC","15640 N 28TH DR SUITE PHARMACY","PHOENIX","AZ","85053","MARICOPA","6027755370"
"MONTEBELLO PHARMACY","817 W WHITTIER BLVD","MONTEBELLO","CA","90640","LOS ANGELES","3237223200"
"SAM'S CLUB PHARMACY","5656 BAY RD","SAGINAW","MI","48604","SAGINAW","9897908930"
"DOKIMOS NEVADA CITY PHARMACY","737 ZION ST","NEVADA CITY","CA","95959","NEVADA","5304708854"
"FAMILY WELLNESS PHARMACY","330 N OAK AVE","COOKEVILLE","TN","38501","PUTNAM","9315596337"
"STEPHENS PHARMACY","13521 OLD HIGHWAY 280 STE 245","BIRMINGHAM","AL","35242","SHELBY","2054084484"
"ORLANDO HEALTH SCRIPTS","1400 S ORANGE AVE","ORLANDO","FL","32806","ORANGE","3218411647"
"CORNER DRUG HOMETOWN PHARMACY","316 W SPRING ST STE 6","DODGEVILLE","WI","53533","IOWA","6089353661"
"SIGLER PHARMACY","4525 W 6TH ST","LAWRENCE","KS","66049","DOUGLAS","7858421225"
"CHINA FAMILY PHARMACY","207 E RAILROAD ST","CHINA","TX","77613","JEFFERSON","4097523450"
"LADNER DRUGS","12435 SHRINERS BLVD","BILOXI","MS","39532","HARRISON","2283549616"
"CVS PHARMACY","4524 HARDING PIKE","NASHVILLE","TN","37205","DAVIDSON","6152920601"
"MERCURY PHARMACY","480 REDWOOD ST STE 33","VALLEJO","CA","94590","SOLANO","7072004411"
"CVS PHARMACY","4959 MARCONI AVE","CARMICHAEL","CA","95608","SACRAMENTO","9164851144"
"RIVERSIDE CTY REG DEPT PHCY SERV","26520 CACTUS AVE","MORENO VALLEY","CA","92555","RIVERSIDE","9514864529"
"WOODLAND HILLS RX PHARMACY","20011 VENTURA BLVD STE 1006","WOODLAND HILLS","CA","91364","LOS ANGELES","7478883197"
"CVS PHARMACY","750 BLOSSOM HILL RD","LOS GATOS","CA","95032","SANTA CLARA","4083563464"
"GENOA HEALTHCARE LLC","1744 PAYNE AVE STE P1","CLEVELAND","OH","44114","CUYAHOGA","2165024959"
"TRINITY PHARMACY","3565 MARTIN LUTHER KING JR DR","ATLANTA","GA","30331","FULTON","6787055690"
"CITY DRUG COMPANY","232 E JEFFERSON","VAN ALSTYNE","TX","75495","GRAYSON","9034825279"
"GENOA HEALTHCARE LLC","4321 41ST AVE STE 1","COLUMBUS","NE","68601","PLATTE","4028354126"
"WALPOLE PHARMACY","699 MAIN STREET","WALPOLE","MA","02081","NORFOLK","5086458866"
"GORDONS PHARMACY","314 S MAIN ST","CANYONVILLE","OR","97417","DOUGLAS","5418394452"
"GENOA HEALTHCARE LLC","1437 S BELCHER RD","CLEARWATER","FL","33764","PINELLAS","7275339073"
"LORDONI DISCOUNT PHARMACY","6300 N WICKHAM RD","MELBOURNE","FL","32940","BREVARD","3216103114"
"RICHFIELD COMMUNITY PHCY LLC","440 SOUTH MAIN STREET STE B","RICHFIELD","UT","84701","SEVIER","4358936808"
"MARINER ADVANCED PHARMACY CORP","43 EAST 3RD AVE","SAN MATEO","CA","94401","SAN MATEO","6505795678"
"SAND RUN PHARMACY","40 SAND RUN ROAD","AKRON","OH","44313","SUMMIT","3308642138"
"GILMER DRUG COMPANY INC","413 19TH ST ENSLEY","BIRMINGHAM","AL","35218","JEFFERSON","2057874671"
"FAMILY PHARMACY AT WCH","4070 HIGHWAY 17 BYPASS","MURRELLS INLET","SC","29576","GEORGETOWN","8436521545"
"TRINITY MISSION PHARMACY","16569 BROOKHURST ST","FOUNTAIN VALLEY","CA","92708","ORANGE","7148393033"
"ANDES HEALTH MART","805 W FAYETTE AVE ADDRESS LINE","EFFINGHAM","IL","62401","EFFINGHAM","2173429393"
"CVS PHARMACY","121 MONTICELLO RD","WEAVERVILLE","NC","28787","BUNCOMBE","8286455802"
"PRESTON PHARMACY","6022 ATLANTIC BLVD","JACKSONVILLE","FL","32211","DUVAL","9047251616"
"CARMICHAELS PHARMACY","9148 HIGHWAY 278 NE STE D","COVINGTON","GA","30014","NEWTON","6787124570"
"SAM'S CLUB PHARMACY","596 BOBBY JONES EXPY","AUGUSTA","GA","30907","RICHMOND","7068639693"
"MULLINS PHARMACY","24 ALICIA LN STE 2","DAHLONEGA","GA","30533","LUMPKIN","7068670514"
"KVN PHARMACY","4860 MATLOCK RD STE 120","ARLINGTON","TX","76018","TARRANT","8179620417"
"ARH HAZARD PHARMACY","181 ROY CAMPBELL DR","HAZARD","KY","41701","PERRY","6064397199"
"THE APOTHECARY UNITED DRUG","1002 W ARIZONA AVE","PARKER","AZ","85344","LA PAZ","9286692147"
"RITE RX CARE","7520 W WATERS AVE STE 6","TAMPA","FL","33615","HILLSBOROUGH","8133748880"
"HANNAFORD SUPERMRKT & PHARMACY","43 ROUND LAKE RD","BALLSTON LAKE","NY","12019","SARATOGA","5188992748"
"CVS PHARMACY","231 S 2ND ST","DANVILLE","KY","40422","BOYLE","8592362314"
"PRESCRIPTION PLUS","23 TAYLOR SQUARE","WEST HARRISON","NY","10604","WESTCHESTER","9149493800"
"CVS PHARMACY","2446 HUDSON RD","GREER","SC","29650","GREENVILLE","8642448893"
"WELL FUTURE PHARMACY LLC","1442 S MICHIGAN AVE","CHICAGO","IL","60605","COOK","3125897620"
"FISHER DISPENSARY","140 VO TECH DR STE 6","MCMINNVILLE","TN","37110","WARREN","9314734441"
"PHARM HOUSE KOUNTZE LLC","800 SOUTH PINE ST","KOUNTZE","TX","77625","HARDIN","4092463492"
"CVS PHARMACY","3513 BAKER RD NW STE 500","ACWORTH","GA","30101","COBB","7709170408"
"DRUG EMPORIUM","9112 N RODNEY PARHAM RD #110","LITTLE ROCK","AR","72205","PULASKI","5012232262"
"PHARMACY OF OC","7772 WARNER AVE STE 102","HUNTINGTON BEACH","CA","92647","ORANGE","7145879325"
"POSTAL PHARMACY","47809 HIGHWAY 58","OAKRIDGE","OR","97463","LANE","5417822617"
"FRESH MARKET PHARMACY","1638 S 900 E","SALT LAKE CITY","UT","84105","SALT LAKE","8014848742"
"SAM'S CLUB PHARMACY","5604 BUCKEYSTOWN PIKE","FREDERICK","MD","21704","FREDERICK","2403797612"
"BRAVO DRUGS PHARMACY","5920 JOHNSON ST STE 105","HOLLYWOOD","FL","33021","BROWARD","9545053157"
"CITIHEALTH RX","23 COURT ST","NEWARK","NJ","07102","ESSEX","8627720442"
"SBCH DISCHARGE PHARMACY","400 W PUEBLO ST","SANTA BARBARA","CA","93105","SANTA BARBARA","8055698312"
"CVS PHARMACY","1136 S ROANE ST","HARRIMAN","TN","37748","ROANE","8658823500"
"GENESEE CAMPUS APOTHECARY","89 GENESEE ST","ROCHESTER","NY","14611","MONROE","5853683928"
"BAYSIDE PHCY & PHCY SUP","300 STATE ST STE 102","ERIE","PA","16507","ERIE","8148776467"
"PALACE DRUG STORE","301 N BROADWAY ST","CLEVELAND","OK","74020","PAWNEE","9183582524"
"BRIOVARX","1893 GEN GEORGE PATTON DR #106","FRANKLIN","TN","37067","WILLIAMSON","8667918679"
"CVS PHARMACY","1021 N BRIDGE ST","CHILLICOTHE","OH","45601","ROSS","7407021108"
"CVS PHARMACY","500 CLIFTY DR","MADISON","IN","47250","JEFFERSON","8122732117"
"HANNAFORD FOOD & DRUG","100 MAINE AVE","GARDINER","ME","04345","KENNEBEC","2075823750"
"SAM'S CLUB PHARMACY","2919 MARKET PL","SALINA","KS","67401","SALINE","7858237641"
"GREEN'S PRESCRIPTION CENTER","101 W AVE D","HEAVENER","OK","74937","LE FLORE","9186534803"
"CEDAR PHARMACY & MED SUPPLIES INC","6767 N CEDAR AVE","FRESNO","CA","93710","FRESNO","5594373700"
"BURNS DRUG STORE, INC","615 W COMMERCIAL ST","OZARK","AR","72949","FRANKLIN","4796673131"
"CLOVERFORK CLINIC PHARMACY","101 CHAD STREET","EVARTS","KY","40828","HARLAN","6068372108"
"POYNETTE HOMETOWN PHARMACY","317 N HWY 51","POYNETTE","WI","53955","COLUMBIA","6086359456"
"NEXTCARE PHARMACY","10021 S MAIN ST STE B2A","HOUSTON","TX","77025","HARRIS","7134922088"
"CVS PHARMACY","12707 DEXTER AVE","DETROIT","MI","48238","WAYNE","3134910291"
"MEDTOWN PHARMACY","24333 ALABAMA HWY 24 SUITE A","TRINITY","AL","35673","LAWRENCE","2563538997"
"LOGAN PRIMARY PHARMACY","401 RUSHING DR","HERRIN","IL","62948","WILLIAMSON","6189979997"
"CVS PHARMACY","12630 STATE ROUTE 143","HIGHLAND","IL","62249","MADISON","6186548628"
"RITESCRIPTS PHARMACY","16309 N SANTA FE AVE STE C","EDMOND","OK","73013","OKLAHOMA","4055098066"
"HAZARD ARH REG MED CTR CLINIC PHCY","200 MEDICAL CENTER DR","HAZARD","KY","41701","PERRY","6064396776"
"WOLCOTT PHARMACY","12018 E MAIN ST","WOLCOTT","NY","14590","WAYNE","3155942222"
"MERCURY PHARMACY","480 CHADBOURNE RD STE 101","FAIRFIELD","CA","94534","SOLANO","7078627300"
"CVS PHARMACY","506 ASHEVILLE HWY","GREENEVILLE","TN","37743","GREENE","4236381368"
"LASSEN DRUG COMPANY","271 MAIN ST STE A","CHESTER","CA","96020","PLUMAS","5302582261"
"CVS PHARMACY","4317 CHAMBLEE TUCKER RD","TUCKER","GA","30084","DEKALB","7709386146"
"ALGOOD DRUGS","606 W MAIN ST STE A","COOKEVILLE","TN","38506","PUTNAM","9315373211"
"CVS PHARMACY","60 N STYGLER RD","GAHANNA","OH","43230","FRANKLIN","6144752014"
"DOUGLAS PARK PHARMACY","3828 SCHAUFELE AVE STE 260","LONG BEACH","CA","90808","LOS ANGELES","5623534723"
"FARMACIA REY #17","CARR 852 KM 0 1 INT 181","TRUJILLO ALTO","PR","00976","TRUJILLO ALTO","7872927993"
"BRISMA PHARMACY","590 N ALMA SCHOOL RD STE 3","CHANDLER","AZ","85224","MARICOPA","4807198798"
"ASCENSION WISCONSIN PHARMACY","1244 WISCONSIN AVE","RACINE","WI","53403","RACINE","2626872150"
"SAM'S CLUB PHARMACY","7701 E COLONIAL DR","ORLANDO","FL","32807","ORANGE","4072821148"
"DBS PHARMACY","3735 AIRLINE DR","METAIRIE","LA","70001","JEFFERSON","5042647206"
"PHARMCARE USA OF GREATER PHX","4100 E BROADWAY","PHOENIX","AZ","85040","MARICOPA","6024389301"
"VONS PHARMACY","450 S VENTURA RD","OXNARD","CA","93030","VENTURA","8052407994"
"CARSON WELLNESS PHARMACY INC","22005 AVALON BLVD SPACE D","CARSON","CA","90745","LOS ANGELES","4242957979"
"HELLS CANYON PHARMACY","523 THAIN RD","LEWISTON","ID","83501","NEZ PERCE","2087435515"
"CVS PHARMACY","2020 E MORGAN AVE","EVANSVILLE","IN","47711","VANDERBURGH","8124226330"
"BEAR DRUGS","5200 N CROATAN HWY","KITTY HAWK","NC","27949","DARE","2522617999"
"GIDEON PHARMACY","111 MAIN ST","GIDEON","MO","63848","NEW MADRID","5734483333"
"HANNAFORD FOOD & DRUG","111 OSSIPEE TRAIL","STANDISH","ME","04084","CUMBERLAND","2076425544"
"CAREPOINT EXPRESS","33 E IRVING PARK RD","ROSELLE","IL","60172","DUPAGE","8552379112"
"FORT LEWIS PHARMACY","2246 WEST MAIN STREET","SALEM","VA","24153","SALEM CITY","5403804681"
"CVS PHARMACY","2000 HARRODSBURG RD","LEXINGTON","KY","40503","FAYETTE","8592765493"
"CVS PHARMACY","2501 W ROOSEVELT BLVD","MONROE","NC","28110","UNION","7042831506"
"HEALTHGATES PHCY & MED SUPPLY","9 S HIGHLAND AVE","BALTIMORE","MD","21224","BALTIMORE CITY","4437083302"
"R & M FAMILY PHARMACY","1970 BRADFORD HICKS DR STE B","LIVINGSTON","TN","38570","OVERTON","9314032552"
"WALGREENS","540 MOUNTAIN VIEW RD","RAPID CITY","SD","57702","PENNINGTON","6053426010"
"WALGREENS","3813 DYLAN PL","LEXINGTON","KY","40514","FAYETTE","8592190102"
"WALGREENS","6520 WESTHEIMER RD","HOUSTON","TX","77057","HARRIS","7137814314"
"WALGREENS","713 BRIGHTON BEACH AVE","BROOKLYN","NY","11235","KINGS","7186153103"
"THOMAS DRUG STORE","309 NASH ST W STE B","WILSON","NC","27893","WILSON","2522371188"
"WALGREENS","1660 22ND ST","WEST DES MOINES","IA","50266","POLK","5152239699"
"WALGREENS","1013 N MAIN ST","BOWLING GREEN","OH","43402","WOOD","4193521645"
"WALGREENS","6250 PASEO DEL NORTE NE","ALBUQUERQUE","NM","87113","BERNALILLO","5052172392"
"WALGREENS","1890 ROUTE 88","BRICK","NJ","08724","OCEAN","7328363282"
"WALGREENS","1321 RIVERSIDE PKWY","BELCAMP","MD","21017","HARFORD","4102728741"
"WALGREENS","5651 WHISKEY HILL RD","WOLCOTT","NY","14590","WAYNE","3155942987"
"WALGREENS","1313 N UNION ST","WILMINGTON","DE","19806","NEW CASTLE","3026581381"
"WALGREENS","5921 HILLSIDE RD","AMARILLO","TX","79109","RANDALL","8064631057"
"THE PRESCRIPTION CENTER INC","310 ADAMS AVE","SCRANTON","PA","18503","LACKAWANNA","5073432448"
"WALGREENS","5586 WEST 6200 S","KEARNS","UT","84118","SALT LAKE","8019680108"
"WALGREENS","7505 STATE RTE 311","SELLERSBURG","IN","47172","CLARK","8122465405"
"WALGREENS","8400 MONTGOMERY BLVD NE","ALBUQUERQUE","NM","87111","BERNALILLO","5055599134"
"WALGREENS","12 N NORTHWEST HWY","PALATINE","IL","60067","COOK","8473593624"
"GIBSONS PHARMACY","403 E MATTHEWS AVE","JONESBORO","AR","72401","CRAIGHEAD","8709729125"
"WALGREENS","4668 S REDWOOD RD","TAYLORSVILLE","UT","84123","SALT LAKE","8019674972"
"LIFEWAY PHARMACY LLC","1107 NORTH POINT BLVD STE 225","BALTIMORE","MD","21224","BALTIMORE","4435303731"
"WALGREENS","12645 S VIRGINIA ST","RENO","NV","89511","WASHOE","7758539887"
"WALGREENS","1250 KANAWHA AVE","RAINELLE","WV","25962","GREENBRIER","3044389204"
"WALGREENS","7209 LANCASTER PIKE","HOCKESSIN","DE","19707","NEW CASTLE","3022345710"
"SAFEWAY PHARMACY","6202 S 16TH ST","PHOENIX","AZ","85042","MARICOPA","6022680634"
"WALGREENS","4582 E HIGHWAY 20","NICEVILLE","FL","32578","OKALOOSA","8508971368"
"LILY CARE PHARMACY","8811 STATE ROAD 52 STE 11","HUDSON","FL","34667","PASCO","7272339908"
"RALPHS","3410 W 3RD ST","LOS ANGELES","CA","90020","LOS ANGELES","2134803112"
"WALGREENS","1610 W 49TH ST","HIALEAH","FL","33012","MIAMI-DADE","3058263842"
"WALGREENS","3177 S PERKINS RD","MEMPHIS","TN","38118","SHELBY","9013654440"
"WALGREENS","1438 N LEWIS AVE","TULSA","OK","74110","TULSA","9185837593"
"WALGREENS","5000 MURFREESBORO RD","LA VERGNE","TN","37086","RUTHERFORD","6152131930"
"WALGREENS","12 CALLE TERESA JORNET","SAN JUAN","PR","00926","SAN JUAN","7877771285"
"WALGREENS","1815 9TH AVE N","BESSEMER","AL","35020","JEFFERSON","2054251757"
"RALEIGH PHARMACY","927 W MORGAN ST STE 100","RALEIGH","NC","27603","WAKE","9197030154"
"WALGREENS","1086 JEFF RD NW","HUNTSVILLE","AL","35806","MADISON","2567212751"
"WALGREENS","W156N11261 PILGRIM RD","GERMANTOWN","WI","53022","WASHINGTON","2622539720"
"WALGREENS","5585 TWIN KNOLLS RD","COLUMBIA","MD","21045","HOWARD","4107302789"
"WALGREENS","510 WILBUR AVE","SWANSEA","MA","02777","BRISTOL","5086789066"
"RICHARDSON PHARMACY","189 N PLANO RD STE 120","RICHARDSON","TX","75081","DALLAS","9724799798"
"WALGREENS","833 ROOSEVELT AVE","CARTERET","NJ","07008","MIDDLESEX","7329691441"
"WALGREENS","1159 E SOUTHERN AVE","MESA","AZ","85204","MARICOPA","4805078709"
"WALGREENS","81 US HIGHWAY 9","ENGLISHTOWN","NJ","07726","MONMOUTH","7329721024"
"WALGREENS","100 LITTLE TEXAS RD","TRAVELERS REST","SC","29690","GREENVILLE","8648344451"
"WALGREENS","12977 STATE ROUTE 21","DE SOTO","MO","63020","JEFFERSON","6365868779"
"WALGREENS","3910 E 22ND ST","TUCSON","AZ","85711","PIMA","5207452277"
"WALGREENS","11724 RESEARCH BLVD","AUSTIN","TX","78759","TRAVIS","5122502070"
"SUDLEY PHARMACY","8609 SUDLEY RD STE 103","MANASSAS","VA","20110","PRINCE WILLIAM","7033663666"
"WALGREENS","12244 W CACTUS RD","EL MIRAGE","AZ","85335","MARICOPA","6238761620"
"WALGREENS","2835 SW 29TH ST","OKLAHOMA CITY","OK","73119","OKLAHOMA","4056319294"
"WALGREENS","4924 W OVERLAND RD","BOISE","ID","83705","ADA","2083361728"
"MEDPOINT PHARMACY INC","23020 SANDALFOOT PLAZA DR","BOCA RATON","FL","33428","PALM BEACH","5614512111"
"WALGREENS","7150 W ATLANTIC BLVD","MARGATE","FL","33063","BROWARD","9549789892"
"EXPRESS AID PHARMACY SERVICES LLC","5892 STIRLING RD SUITE 2","HOLLYWOOD","FL","33021","BROWARD","9546397030"
"WALGREENS","355 HIGHWAY 441 S","CLAYTON","GA","30525","RABUN","7062120581"
"WALGREENS","2251 COMMERCE BLVD","MOUND","MN","55364","HENNEPIN","9524722929"
"WALGREENS","199 WESTON RD","WESTON","FL","33326","BROWARD","9543840011"
"WALGREENS","8800 W 95TH ST","HICKORY HILLS","IL","60457","COOK","7085983271"
"WALGREENS","2821 OAKMONT DR","ROUND ROCK","TX","78665","WILLIAMSON","5122380475"
"WALGREENS","141 KEARNY ST","SAN FRANCISCO","CA","94108","SAN FRANCISCO","4158340356"
"WALGREENS","5104 S LEWIS AVE","TULSA","OK","74105","TULSA","9187478841"
"WALGREENS","710 N BELL BLVD","CEDAR PARK","TX","78613","WILLIAMSON","5122500867"
"AMERICANA DISCOUNT PHARMACY","370B S STATE ROAD 7","HOLLYWOOD","FL","33023","BROWARD","9549816661"
"WALGREENS","1963 CALLE LOIZA","SAN JUAN","PR","00911","SAN JUAN","7877280033"
"WALGREENS","933 N STATE ST","CHICAGO","IL","60610","COOK","3129430671"
"WALGREENS","1601 S AIR DEPOT BLVD","MIDWEST CITY","OK","73110","OKLAHOMA","4057372637"
"BALAJI PHARMACY","1726 MERMAID AVE","BROOKLYN","NY","11224","KINGS","7189969000"
"WALGREENS","14860 HIGHWAY 194","OAKLAND","TN","38060","FAYETTE","9014669956"
"WALGREENS","750 N VIRGINIA ST","RENO","NV","89501","WASHOE","7753378703"
"WALGREENS","602 HIGHWAY 16 E","CARTHAGE","MS","39051","LEAKE","6012674533"
"WALGREENS","1821 HILLANDALE RD STE 23","DURHAM","NC","27705","DURHAM","9193839428"
"COMMUNITY A WALGREENS PHCY","3537 BROADWAY BLVD","KANSAS CITY","MO","64111","JACKSON","8165611933"
"WALGREENS","641 OLLIE AVE","CLANTON","AL","35045","CHILTON","2057555879"
"WALGREENS","900 NORTHWEST HWY","FOX RIVER GROVE","IL","60021","MCHENRY","8476390376"
"BAYVIEW COMMUNITY PHARMACY","1846 E LITTLE CREEK RD","NORFOLK","VA","23518","NORFOLK CITY","7573836636"
"WALGREENS","7448 W THUNDERBIRD RD","PEORIA","AZ","85381","MARICOPA","6239790558"
